Post_ID,Jour,Date,Heure,Creneau,Canaux,Personnage,Theme,Fichier_Feed_1_1,Fichier_Story_9_16,Hook,Texte_Complet_Publication,Premier_Commentaire
"POST_001","J01","2026-10-01","08:00","matin","Facebook Feed & Story | Instagram Feed & Story | WhatsApp Statut","Awa (Bijouterie & Mode Deux-Plateaux)","securite","marketing/programmation-60jours/visuels/feed/visuel_01_securite_awa_feed_square.png","marketing/programmation-60jours/visuels/story/visuel_01_securite_awa_story_vertical.png","🚨 WAZAP.CI - FINI LES LIVREURS QUI DISPARAISSENT AVEC VOTRE ARGENT !","🚨 WAZAP.CI - FINI LES LIVREURS QUI DISPARAISSENT AVEC VOTRE ARGENT !

Chaque matin à Abidjan, c'est la même angoisse : confier des bijoux ou des marchandises de valeur à un coursier inconnu et prier pour qu'il ne disparaisse pas avec votre recette !

Sur WAZAP, la règle est limpide et inviolable : ZÉRO CASH SUR LA MARCHANDISE.
À la livraison, votre client scanne simplement le QR Code Universel WAZAP (Wave, Orange Money, MTN, Moov, Carte bancaire). L'argent arrive instantanément sur VOTRE compte avant même que le coursier ne reparte.

🛡️ Livreurs vérifiés CNI par IA Google Cloud Vision
📍 Géolocalisation live sur la carte en temps réel
🎁 15 premières livraisons offertes sans commission WAZAP !

👉 Prêt à expédier en toute sérénité ? Envoyez « COLIS » sur WhatsApp au 05 44 05 19 72 ou touchez le lien direct : https://wa.me/2250544051972?text=COLIS

#Wazap #LivraisonAbidjan #EcommerceCIV #VenteEnLigneCIV #Team225 #AbidjanBusiness #Cocody #Marcory #Yopougon #Plateau","💬 Avez-vous déjà été victime d'un livreur qui a disparu avec votre recette de marchandise à Abidjan ? Partagez votre expérience en commentaire."
"POST_002","J01","2026-10-01","12:30","midi","Facebook Feed & Story | Instagram Feed & Story | WhatsApp Statut","Awa (Bijouterie & Mode Deux-Plateaux)","securite","marketing/programmation-60jours/visuels/feed/visuel_01_securite_awa_feed_square.png","marketing/programmation-60jours/visuels/story/visuel_01_securite_awa_story_vertical.png","⚡ BIJOUTERIE & ARTICLES DE VALEUR À MIDI : ZÉRO CASH MANIPULÉ, ZÉRO RISQUE !","⚡ BIJOUTERIE & ARTICLES DE VALEUR À MIDI : ZÉRO CASH MANIPULÉ, ZÉRO RISQUE !

Pause déjeuner à Abidjan : une cliente au Plateau commande un collier ou une montre de valeur.
Comment la livrer en toute sécurité sans craindre qu'un coursier parte avec l'argent ?

Sur WAZAP, la règle est mathématique : ZÉRO CASH SUR LA MARCHANDISE.
Le client scanne le QR Code Universel WAZAP (Wave, Orange Money, MTN, Moov, Carte bancaire).
L'argent entre directement sur le compte d'Awa avant même la remise du paquet.

🛡️ Coursiers vérifiés avec CNI par IA Google Cloud Vision
📍 Trajet surveillé en temps réel par GPS
🎁 15 premières livraisons offertes sans commission !

👉 Expédiez vos créations précieuses en toute sécurité : envoyez « COLIS » au 05 44 05 19 72 sur WhatsApp ou cliquez 👉 https://wa.me/2250544051972?text=COLIS

#Wazap #LivraisonAbidjan #EcommerceCIV #VenteEnLigneCIV #Team225 #AbidjanBusiness #Cocody #Marcory #Yopougon #Plateau","💎 Confieriez-vous un bijou de 50 000 F à un livreur inconnu sans garantie ? Donnez votre avis !"
"POST_003","J01","2026-10-01","18:30","soir","Facebook Feed & Story | Instagram Feed & Story | WhatsApp Statut","Awa (Bijouterie & Mode Deux-Plateaux)","securite","marketing/programmation-60jours/visuels/feed/visuel_01_securite_awa_feed_square.png","marketing/programmation-60jours/visuels/story/visuel_01_securite_awa_story_vertical.png","🌙 18H30 À ABIDJAN : FERMEZ VOTRE BOUTIQUE L'ESPRIT SEREIN, 100% DE VOS RECETTES EN COMPTE !","🌙 18H30 À ABIDJAN : FERMEZ VOTRE BOUTIQUE L'ESPRIT SEREIN, 100% DE VOS RECETTES EN COMPTE !

Fini d'attendre 20h dans l'angoisse qu'un livreur revienne verser vos recettes de la journée.
Avec WAZAP, chaque vente est encaissée à la seconde même de la livraison par QR Code Universel.

Vous clôturez vos comptes en 1 coup d'œil sur votre téléphone, votre trésorerie est sécurisée, et l'Assurance Colis Sûr protège chaque expédition.
C'est la tranquillité d'esprit que mérite tout commerçant ivoirien.

📦 Rejoignez les commerçants sereins : envoyez « COLIS » sur WhatsApp au 05 44 05 19 72 ou touchez 👉 https://wa.me/2250544051972?text=COLIS

#Wazap #LivraisonAbidjan #EcommerceCIV #VenteEnLigneCIV #Team225 #AbidjanBusiness #Cocody #Marcory #Yopougon #Plateau","✨ À quelle heure clôturez-vous habituellement vos comptes de livraison le soir ? Partagez vos réalités d'entrepreneur !"
"POST_004","J02","2026-10-02","08:00","matin","Facebook Feed & Story | Instagram Feed & Story | WhatsApp Statut","Fatou (Pâtisserie & Traiteur Yopougon)","securite","marketing/programmation-60jours/visuels/feed/visuel_02_securite_fatou_feed_square.png","marketing/programmation-60jours/visuels/story/visuel_02_securite_fatou_story_vertical.png","🎂 PÂTISSIÈRES & TRAITEURS D'ABIDJAN : FINI LES GÂTEAUX ÉCRASÉS ET LES REPAS RENVERSÉS !","🎂 PÂTISSIÈRES & TRAITEURS D'ABIDJAN : FINI LES GÂTEAUX ÉCRASÉS ET LES REPAS RENVERSÉS !

Combien d'heures passez-vous à peaufiner un gâteau d'anniversaire pour le voir ruiné au fond d'un sac de moto inadapté ?

Avec WAZAP, vos livraisons délicates sont protégées :
🔒 Assurance Colis Sûr : votre marchandise est couverte et remboursée en cas de dommage.
🛵 Coursiers formés au maintien horizontal des plateaux.
💳 Zéro cash marchandise : le client règle le montant exact au franc près par QR Code Universel (Wave, OM, MTN). Aucun risque de faux billet ou de vol !

📲 Pour expédier vos créations en toute confiance : envoyez « COLIS » sur WhatsApp au 05 44 05 19 72 ou touchez 👉 https://wa.me/2250544051972?text=COLIS (15 courses offertes sans commission).

#Wazap #PatisserieAbidjan #GateauAbidjan #TraiteurCIV #Yopougon #Cocody #Team225","🧁 Quel a été votre pire accident de livraison sur un gâteau ou un plat à Abidjan ? Dites-le nous en commentaire !"
"POST_005","J02","2026-10-02","12:30","midi","Facebook Feed & Story | Instagram Feed & Story | WhatsApp Statut","Fatou (Pâtisserie & Traiteur Yopougon)","securite","marketing/programmation-60jours/visuels/feed/visuel_02_securite_fatou_feed_square.png","marketing/programmation-60jours/visuels/story/visuel_02_securite_fatou_story_vertical.png","🎂 RUSH DE MIDI : GÂTEAUX D'ANNIVERSAIRE LIVRÉS AU BUREAU SANS UNE SEULE ÉGRATIGNURE !","🎂 RUSH DE MIDI : GÂTEAUX D'ANNIVERSAIRE LIVRÉS AU BUREAU SANS UNE SEULE ÉGRATIGNURE !

À 13h, la fête d'anniversaire surprise commence au bureau. Si le gâteau arrive incliné ou la crème écrasée, c'est la réputation de Fatou qui est en jeu !

Avec WAZAP Colis Sûr :
🛵 Coursiers formés au transport horizontal délicat.
🔒 Assurance Colis Sûr garantissant le remboursement en cas d'accident.
💳 Le collègue qui réceptionne scanne le QR code Wave / Orange / MTN au franc près !

📲 Vos douceurs méritent les meilleurs égards : envoyez « COLIS » sur WhatsApp au 05 44 05 19 72 ou touchez 👉 https://wa.me/2250544051972?text=COLIS

#Wazap #PatisserieAbidjan #GateauAbidjan #TraiteurCIV #Yopougon #Cocody #Team225","🧁 Avez-vous déjà vu un gâteau arriver complètement renversé par un livreur pressé ? Racontez-nous !"
"POST_006","J02","2026-10-02","18:30","soir","Facebook Feed & Story | Instagram Feed & Story | WhatsApp Statut","Fatou (Pâtisserie & Traiteur Yopougon)","securite","marketing/programmation-60jours/visuels/feed/visuel_02_securite_fatou_feed_square.png","marketing/programmation-60jours/visuels/story/visuel_02_securite_fatou_story_vertical.png","🌙 18H30 : TOUS LES BUFFETS DU JOUR LIVRÉS IMPECCABLES & ENCAISSÉS AU DERNIER CENTIME !","🌙 18H30 : TOUS LES BUFFETS DU JOUR LIVRÉS IMPECCABLES & ENCAISSÉS AU DERNIER CENTIME !

Après une journée passée devant les fourneaux à pétrir et décorer, Fatou souffle enfin.
Tous ses gâteaux et plateaux traiteurs du jour sont arrivés intacts chez les clients.

Zéro palabre de fausse monnaie, zéro livreur injoignable dans la nuit : l'argent de chaque commande a été versé directement par QR Code Universel dès la porte franchie.

🍰 Pour des livraisons gourmandes 100% sereines : envoyez « COLIS » au 05 44 05 19 72 sur WhatsApp ou cliquez 👉 https://wa.me/2250544051972?text=COLIS

#Wazap #PatisserieAbidjan #GateauAbidjan #TraiteurCIV #Yopougon #Cocody #Team225","❤️ Quelle est la commande la plus délicate que vous ayez eu à livrer jusqu'à présent ?"
"POST_007","J03","2026-10-03","08:00","matin","Facebook Feed & Story | Instagram Feed & Story | WhatsApp Statut","Clarisse (Cosmétiques & Parfums Koumassi)","securite","marketing/programmation-60jours/visuels/feed/visuel_03_securite_clarisse_feed_square.png","marketing/programmation-60jours/visuels/story/visuel_03_securite_clarisse_story_vertical.png","🌧️ IL PLEUT À VERSE SUR ABIDJAN ET VOTRE COURSIER NE RÉPOND PLUS AU TÉLÉPHONE ?","🌧️ IL PLEUT À VERSE SUR ABIDJAN ET VOTRE COURSIER NE RÉPOND PLUS AU TÉLÉPHONE ?

À Abidjan, la moindre averse paralyse les livraisons. Vos clientes s'impatientent, vous passez 15 appels sans réponse, et vos crèmes ou parfums risquent d'arriver trempés.

Sur WAZAP, vous gardez le contrôle de bout en bout :
📍 Radar GPS temps réel : vous et votre cliente suivez la moto rue par rue sans avoir à appeler.
🛡️ Sacs de livraison étanches garantis.
💰 Le client scanne et règle en 1 tap à la porte d'entrée par Mobile Money.

📦 Expédiez vos colis beauté sans angoisse : envoyez « COLIS » au 05 44 05 19 72 ou cliquez 👉 https://wa.me/2250544051972?text=COLIS

#Wazap #CosmetiquesCIV #BeauteAbidjan #Koumassi #Marcory #LivraisonPluie #Team225","🌧️ Combien de commandes avez-vous déjà perdues à cause d'une journée de pluie à Abidjan ? Partagez vos réalités !"
"POST_008","J03","2026-10-03","12:30","midi","Facebook Feed & Story | Instagram Feed & Story | WhatsApp Statut","Clarisse (Cosmétiques & Parfums Koumassi)","securite","marketing/programmation-60jours/visuels/feed/visuel_03_securite_clarisse_feed_square.png","marketing/programmation-60jours/visuels/story/visuel_03_securite_clarisse_story_vertical.png","💄 COMMANDES BEAUTÉ EXPRESS ENTRE MIDI ET DEUX : VOS CLIENTES LIVRÉES À LA PAUSE DÉJEUNER !","💄 COMMANDES BEAUTÉ EXPRESS ENTRE MIDI ET DEUX : VOS CLIENTES LIVRÉES À LA PAUSE DÉJEUNER !

Vos clientes au travail profitent de la pause déjeuner pour recevoir leurs crèmes, sérums et parfums.
Pas question de les faire attendre 45 minutes sur le trottoir !

Sur WAZAP, la cliente suit la moto en temps réel sur la carte interactive.
À l'arrivée, scan instantané du QR Code WAZAP (Wave, OM, MTN) en 5 secondes chrono.
Elle retourne au bureau à l'heure, ravie et parfumée !

🌸 Vos produits méritent un service rapide et élégant : envoyez « COLIS » sur WhatsApp au 05 44 05 19 72 ou tapez 👉 https://wa.me/2250544051972?text=COLIS

#Wazap #CosmetiquesCIV #BeauteAbidjan #Koumassi #Marcory #LivraisonPluie #Team225","💄 Vos clientes commandent-elles plutôt des soins du visage ou des parfums pour les livraisons de midi ?"
"POST_009","J03","2026-10-03","18:30","soir","Facebook Feed & Story | Instagram Feed & Story | WhatsApp Statut","Clarisse (Cosmétiques & Parfums Koumassi)","securite","marketing/programmation-60jours/visuels/feed/visuel_03_securite_clarisse_feed_square.png","marketing/programmation-60jours/visuels/story/visuel_03_securite_clarisse_story_vertical.png","🌧️ MÊME SOUS L'ORAGE DU SOIR À ABIDJAN : VOS PARFUMS ARRIVENT AU SEC DANS DES SACS SCELLÉS !","🌧️ MÊME SOUS L'ORAGE DU SOIR À ABIDJAN : VOS PARFUMS ARRIVENT AU SEC DANS DES SACS SCELLÉS !

Quand la pluie torrentielle tombe sur le boulevard de Koumassi à 18h, la plupart des livreurs éteignent leur téléphone et s'abritent sous les ponts.

Les livreurs partenaires WAZAP sont équipés de sacs étanches Colis Sûr.
Le radar GPS continue d'émettre en direct. Vous savez exactement où se trouve votre colis, et votre cliente est rassurée.

📦 Expédiez par tous les temps : envoyez « COLIS » au 05 44 05 19 72 sur WhatsApp ou touchez 👉 https://wa.me/2250544051972?text=COLIS

#Wazap #CosmetiquesCIV #BeauteAbidjan #Koumassi #Marcory #LivraisonPluie #Team225","🌧️ Quels aménagements faites-vous pour protéger vos colis quand la météo s'emballe à Abidjan ?"
"POST_010","J04","2026-10-04","08:00","matin","Facebook Feed & Story | Instagram Feed & Story | WhatsApp Statut","Salimata (Styliste Mode & Ateliers Couture Angré)","rapidite","marketing/programmation-60jours/visuels/feed/visuel_04_rapidite_salimata_feed_square.png","marketing/programmation-60jours/visuels/story/visuel_04_rapidite_salimata_story_vertical.png","⚡ CLIENTE PRESSÉE POUR UNE SOIRÉE ? NE PERDEZ PLUS 45 MINUTES À CHERCHER UNE MOTO !","⚡ CLIENTE PRESSÉE POUR UNE SOIRÉE ? NE PERDEZ PLUS 45 MINUTES À CHERCHER UNE MOTO !

Votre robe sur-mesure est repassée, prête à partir, mais aucun livreur habituel n'est disponible ?

Sur WAZAP, plus besoin d'écrire dans 5 groupes WhatsApp :
En 3 clics, notre radar alerte les coursiers les plus proches de votre atelier.
En moins de 3 minutes chrono, un coursier certifié accepte et se met en route.

👗 Vos tenues voyagent suspendues et protégées.
💳 Règlement instantané par Mobile Money à l'essayage.

👉 Testez gratuitement dès aujourd'hui : envoyez « COLIS » sur WhatsApp au 05 44 05 19 72 ou tapez 👉 https://wa.me/2250544051972?text=COLIS (15 courses offertes !)

#Wazap #ModeAbidjan #StylisteCIV #Couture225 #Angre #Cocody #Team225","👗 Quel est le délai le plus court qu'un client vous ait déjà demandé pour une livraison urgente ?"
"POST_011","J04","2026-10-04","12:30","midi","Facebook Feed & Story | Instagram Feed & Story | WhatsApp Statut","Salimata (Styliste Mode & Ateliers Couture Angré)","rapidite","marketing/programmation-60jours/visuels/feed/visuel_04_rapidite_salimata_feed_square.png","marketing/programmation-60jours/visuels/story/visuel_04_rapidite_salimata_story_vertical.png","👗 RETOUCHE COUTURE LIVRÉE EN URGENCE AVANT LA SOIRÉE : WAZAP ARRIVE EN 3 MINUTES !","👗 RETOUCHE COUTURE LIVRÉE EN URGENCE AVANT LA SOIRÉE : WAZAP ARRIVE EN 3 MINUTES !

La robe de soirée de votre cliente a reçu sa dernière touche d'aiguille à 12h15.
La cliente en a besoin d'urgence pour son gala ce soir.

Pourquoi passer 15 appels sans réponse ?
Sur WAZAP, 1 tap sur WhatsApp déclenche le radar des 5 livreurs les plus proches d'Angré.
En 3 minutes chrono, la course est prise. La robe voyage sous housse protectrice.

⚡ Pour vos livraisons d'ateliers et de mode : envoyez « COLIS » au 05 44 05 19 72 ou cliquez 👉 https://wa.me/2250544051972?text=COLIS

#Wazap #ModeAbidjan #StylisteCIV #Couture225 #Angre #Cocody #Team225","🧵 Combien de temps mettez-vous en moyenne pour trouver un livreur de confiance pour vos tenues de valeur ?"
"POST_012","J04","2026-10-04","18:30","soir","Facebook Feed & Story | Instagram Feed & Story | WhatsApp Statut","Salimata (Styliste Mode & Ateliers Couture Angré)","rapidite","marketing/programmation-60jours/visuels/feed/visuel_04_rapidite_salimata_feed_square.png","marketing/programmation-60jours/visuels/story/visuel_04_rapidite_salimata_story_vertical.png","🌙 18H30 : LES CRÉATIONS DE SALIMATA BRILLENT SUR LES ÉVÉNEMENTS, ZÉRO STRESS LIVRAISON !","🌙 18H30 : LES CRÉATIONS DE SALIMATA BRILLENT SUR LES ÉVÉNEMENTS, ZÉRO STRESS LIVRAISON !

Pendant que ses clientes défilent et reçoivent des compliments dans leurs robes sur-mesure, Salimata a déjà la confirmation de toutes ses livraisons du jour.

Chaque cliente a scanné le QR Code Universel WAZAP à l'essayage.
Salimata a encaissé sa recette au franc près, sans commission exorbitante prélevée sur sa créativité.

💎 Faites décoller votre atelier de stylisme : envoyez « COLIS » sur WhatsApp au 05 44 05 19 72 ou tapez 👉 https://wa.me/2250544051972?text=COLIS

#Wazap #ModeAbidjan #StylisteCIV #Couture225 #Angre #Cocody #Team225","✨ Quelle a été votre plus belle satisfaction client cette semaine ? Racontez-nous !"
"POST_013","J05","2026-10-05","08:00","matin","Facebook Feed & Story | Instagram Feed & Story | WhatsApp Statut","Chef Momo (Restaurants, Maquis & Grillades Treichville)","rapidite","marketing/programmation-60jours/visuels/feed/visuel_05_rapidite_momo_feed_square.png","marketing/programmation-60jours/visuels/story/visuel_05_rapidite_momo_story_vertical.png","🔥 RUSH DE MIDI À ABIDJAN : VOS GRILLADES LIVRÉES FUMANTES SANS FAIRE ATTENDRE VOS CLIENTS !","🔥 RUSH DE MIDI À ABIDJAN : VOS GRILLADES LIVRÉES FUMANTES SANS FAIRE ATTENDRE VOS CLIENTS !

À l'heure de la pause déjeuner, 10 minutes de retard suffisent pour perdre un client fidèle.

Avec le réseau WAZAP :
🍲 Les livreurs de votre quartier sont pré-positionnés autour de vos fourneaux.
⏱️ Course assignée en un éclair, repas transporté dans des caissons isolés, livré en 20 minutes.
💵 Fini le casse-tête de la monnaie : le client scanne le QR code Wave / Orange / MTN au centime près !

🍗 Doublez vos livraisons de midi dès maintenant : envoyez « COLIS » sur WhatsApp au 05 44 05 19 72 ou touchez 👉 https://wa.me/2250544051972?text=COLIS

#Wazap #RestoAbidjan #Choukouya #FastFoodCIV #Treichville #Plateau #Team225","🍲 Vos clients préfèrent-ils être livrés au bureau à midi ou à la maison le soir ? Donnez votre avis ci-dessous !"
"POST_014","J05","2026-10-05","12:30","midi","Facebook Feed & Story | Instagram Feed & Story | WhatsApp Statut","Chef Momo (Restaurants, Maquis & Grillades Treichville)","rapidite","marketing/programmation-60jours/visuels/feed/visuel_05_rapidite_momo_feed_square.png","marketing/programmation-60jours/visuels/story/visuel_05_rapidite_momo_story_vertical.png","🔥 12H30 : LE FEU CRÉPITE À TREICHVILLE, LES PLATS PARTENT EN 20 MIN FUMANTS ET SAVOUREUX !","🔥 12H30 : LE FEU CRÉPITE À TREICHVILLE, LES PLATS PARTENT EN 20 MIN FUMANTS ET SAVOUREUX !

Choukouya de bœuf, poulet braisé, aloco doré... À midi, les estomacs n'attendent pas !
Un retard de 15 minutes, et c'est un client en colère qui annule sa commande.

Sur WAZAP, nos livreurs de proximité sont pré-positionnés autour de vos fourneaux.
Le repas est emballé dans des caissons isolés et livré en moins de 20 minutes chrono.
Le client paie par QR code au centime près : zéro dispute de monnaie !

🍗 Multipliez vos commandes du déjeuner : envoyez « COLIS » au 05 44 05 19 72 sur WhatsApp ou cliquez 👉 https://wa.me/2250544051972?text=COLIS

#Wazap #RestoAbidjan #Choukouya #FastFoodCIV #Treichville #Plateau #Team225","🍗 Quel est le plat le plus commandé dans votre maquis ou fast-food le midi à Abidjan ?"
"POST_015","J05","2026-10-05","18:30","soir","Facebook Feed & Story | Instagram Feed & Story | WhatsApp Statut","Chef Momo (Restaurants, Maquis & Grillades Treichville)","rapidite","marketing/programmation-60jours/visuels/feed/visuel_05_rapidite_momo_feed_square.png","marketing/programmation-60jours/visuels/story/visuel_05_rapidite_momo_story_vertical.png","🌙 18H30 : LE RUSH DU DÎNER DÉMARRE ! LIVREZ VOS GRILLADES DU SOIR SANS FAUX PAS.","🌙 18H30 : LE RUSH DU DÎNER DÉMARRE ! LIVREZ VOS GRILLADES DU SOIR SANS FAUX PAS.

À la tombée de la nuit, les travailleurs rentrent et commandent leurs dîners.
Avec WAZAP, la flotte de coursiers reste mobilisée jusqu'à la dernière braise.

Chaque plat arrive chaud, la recette est versée immédiatement sur votre compte Mobile Money, et vous clôturez une journée rentable sans jamais manipuler de billets sales.

🔥 Boostez vos livraisons du soir : envoyez « COLIS » sur WhatsApp au 05 44 05 19 72 ou cliquez 👉 https://wa.me/2250544051972?text=COLIS

#Wazap #RestoAbidjan #Choukouya #FastFoodCIV #Treichville #Plateau #Team225","🍻 Jusqu'à quelle heure servez-vous des commandes à emporter le soir ?"
"POST_016","J06","2026-10-06","08:00","matin","Facebook Feed & Story | Instagram Feed & Story | WhatsApp Statut","Amara (Sneakers & Streetwear Marcory)","rapidite","marketing/programmation-60jours/visuels/feed/visuel_06_rapidite_amara_feed_square.png","marketing/programmation-60jours/visuels/story/visuel_06_rapidite_amara_story_vertical.png","💵 « CHEF, JE N'AI PAS LA MONNAIE SUR 10 000 F ! » : FINI CE REFRAIN QUI VOUS FAIT PERDRE DES VENTES !","💵 « CHEF, JE N'AI PAS LA MONNAIE SUR 10 000 F ! » : FINI CE REFRAIN QUI VOUS FAIT PERDRE DES VENTES !

Le livreur arrive à la porte. Le client sort un gros billet de 10 000 F. Le coursier n'a pas la monnaie, il part chercher au carrefour... et perd 30 minutes pendant que le client s'agace.

Sur WAZAP, cette galère est éradiquée :
Le client scanne le QR Code Universel WAZAP et règle le montant exact au franc près depuis son compte Wave, Orange Money ou MTN.

🚫 Zéro manipulation de billets douteux
⚡ Votre recette est virée à la seconde sur votre compte
🛵 Le livreur repart immédiatement pour sa prochaine course.

👟 Modernisez vos encaissements : envoyez « COLIS » sur WhatsApp au 05 44 05 19 72 ou touchez 👉 https://wa.me/2250544051972?text=COLIS

#Wazap #SneakersAbidjan #StreetwearCIV #Marcory #ZeroCash #MobileMoneyCIV #Team225","💵 Quelle est la plus grosse somme de monnaie que vous ayez déjà couru chercher pour un client ? Racontez-nous !"
"POST_017","J06","2026-10-06","12:30","midi","Facebook Feed & Story | Instagram Feed & Story | WhatsApp Statut","Amara (Sneakers & Streetwear Marcory)","rapidite","marketing/programmation-60jours/visuels/feed/visuel_06_rapidite_amara_feed_square.png","marketing/programmation-60jours/visuels/story/visuel_06_rapidite_amara_story_vertical.png","👟 SNEAKERS & STREETWEAR LIVRÉS À MIDI PILE : FINI LES ACHETEURS QUI N'ONT PAS LA MONNAIE !","👟 SNEAKERS & STREETWEAR LIVRÉS À MIDI PILE : FINI LES ACHETEURS QUI N'ONT PAS LA MONNAIE !

Le livreur sonne à Marcory. La paire de Jordan ou de sneakers tendance vaut 28 500 FCFA.
L'acheteur sort 3 billets de 10 000 FCFA. Qui a la monnaie de 1 500 F ? Personne !

Avec WAZAP, l'acheteur scanne le QR code Wave / Orange / MTN et paie exactement 28 500 FCFA en 1 seconde.
Pas de billets égarés, pas d'aller-retour au kiosque, Amara reçoit sa notification bancaire immédiatement.

🚀 Modernisez la livraison de votre shop : envoyez « COLIS » au 05 44 05 19 72 sur WhatsApp ou touchez 👉 https://wa.me/2250544051972?text=COLIS

#Wazap #SneakersAbidjan #StreetwearCIV #Marcory #ZeroCash #MobileMoneyCIV #Team225","👟 Combien de ventes avez-vous déjà failli annuler juste à cause d'un manque de monnaie ?"
"POST_018","J06","2026-10-06","18:30","soir","Facebook Feed & Story | Instagram Feed & Story | WhatsApp Statut","Amara (Sneakers & Streetwear Marcory)","rapidite","marketing/programmation-60jours/visuels/feed/visuel_06_rapidite_amara_feed_square.png","marketing/programmation-60jours/visuels/story/visuel_06_rapidite_amara_story_vertical.png","🌙 18H30 : TOUTES LES PAIRES DE LA JOURNÉE LIVRÉES, TRÉSORERIE 100% AU VERT !","🌙 18H30 : TOUTES LES PAIRES DE LA JOURNÉE LIVRÉES, TRÉSORERIE 100% AU VERT !

La journée de vente se termine pour le streetwear à Abidjan. Les clients ont reçu leurs colis, essayent leurs paires et postent leurs unboxings.

Sur WAZAP, Amara n'a pas un seul franc dans la nature.
Zéro commission cachée, zéro risque de faux billet encaissé à la sauvette.

👟 Rejoignez la nouvelle génération de commerçants : envoyez « COLIS » au 05 44 05 19 72 ou tapez 👉 https://wa.me/2250544051972?text=COLIS

#Wazap #SneakersAbidjan #StreetwearCIV #Marcory #ZeroCash #MobileMoneyCIV #Team225","🔥 Quel modèle de sneakers a été votre plus gros carton de vente ce mois-ci ?"
"POST_019","J07","2026-10-07","08:00","matin","Facebook Feed & Story | Instagram Feed & Story | WhatsApp Statut","Tantie Aïcha (Wax & Boutiques de Quartier Adjamé)","valeur","marketing/programmation-60jours/visuels/feed/visuel_07_valeur_aicha_feed_square.png","marketing/programmation-60jours/visuels/story/visuel_07_valeur_aicha_story_vertical.png","🎁 COMMERÇANTS D'ABIDJAN : ET SI VOS 15 PROCHAINES LIVRAISONS NE VOUS COÛTAIENT STRICTEMENT RIEN EN COMMISSION ?","🎁 COMMERÇANTS D'ABIDJAN : ET SI VOS 15 PROCHAINES LIVRAISONS NE VOUS COÛTAIENT STRICTEMENT RIEN EN COMMISSION ?

Pourquoi continuer à payer des commissions de 20% à 30% ou des abonnements mensuels ruineux pour expédier vos ventes ?

WAZAP offre à chaque boutique d'Abidjan le Pack Digital Boutique :
✅ 15 recherches de livreurs offertes à 0 F de commission WAZAP.
✅ Vous ne payez que le coursier à son tarif direct et équitable (1 000 F à 2 000 F net).
✅ Zéro application lourde à télécharger : tout se pilote directement dans WhatsApp !
Testez notre technologie en conditions réelles sans sortir un franc de votre poche.

🛍️ Activez vos 15 livraisons offertes en 30 secondes : envoyez « COLIS » sur WhatsApp au 05 44 05 19 72 ou cliquez 👉 https://wa.me/2250544051972?text=COLIS

#Wazap #CommerceAbidjan #BoutiqueCIV #Adjame #Cocody #Yopougon #PromoAbidjan #Team225","🎁 Combien de colis expédiez-vous en moyenne par semaine depuis votre boutique ? Répondez ci-dessous !"
"POST_020","J07","2026-10-07","12:30","midi","Facebook Feed & Story | Instagram Feed & Story | WhatsApp Statut","Tantie Aïcha (Wax & Boutiques de Quartier Adjamé)","valeur","marketing/programmation-60jours/visuels/feed/visuel_07_valeur_aicha_feed_square.png","marketing/programmation-60jours/visuels/story/visuel_07_valeur_aicha_story_vertical.png","🎁 COMMERÇANTS DU GRAND MARCHÉ D'ADJAMÉ : EXPÉDIEZ VOS COLIS DE MIDI À 0 F DE COMMISSION !","🎁 COMMERÇANTS DU GRAND MARCHÉ D'ADJAMÉ : EXPÉDIEZ VOS COLIS DE MIDI À 0 F DE COMMISSION !

Tantie Aïcha a préparé 6 complets de wax pour des clientes à Marcory et Yopougon.
Pourquoi donner 2 000 F de commission par colis aux applications intermédiaires ?

Sur WAZAP, le Pack Digital Boutique offre 15 courses sans aucune commission WAZAP.
Le livreur touche son tarif net juste (1 000 F à 2 000 F), et Tantie Aïcha conserve l'intégralité de sa marge commerciale !

🛍️ Réservez votre pack gratuit en 30 secondes : envoyez « COLIS » sur WhatsApp au 05 44 05 19 72 ou touchez 👉 https://wa.me/2250544051972?text=COLIS

#Wazap #CommerceAbidjan #BoutiqueCIV #Adjame #Cocody #Yopougon #PromoAbidjan #Team225","📢 Quel montant moyen dépensez-vous par mois en frais de livraison pour votre boutique ?"
"POST_021","J07","2026-10-07","18:30","soir","Facebook Feed & Story | Instagram Feed & Story | WhatsApp Statut","Tantie Aïcha (Wax & Boutiques de Quartier Adjamé)","valeur","marketing/programmation-60jours/visuels/feed/visuel_07_valeur_aicha_feed_square.png","marketing/programmation-60jours/visuels/story/visuel_07_valeur_aicha_story_vertical.png","🌙 18H30 : LES PORTES D'ADJAMÉ SE FERMENT, LA TRÉSORERIE DE TANTIE AÏCHA EST INTACTE !","🌙 18H30 : LES PORTES D'ADJAMÉ SE FERMENT, LA TRÉSORERIE DE TANTIE AÏCHA EST INTACTE !

Quand la cloche sonne la fermeture des grands marchés d'Abidjan, Tantie Aïcha rentre chez elle le cœur léger.
Ses 15 livraisons offertes WAZAP lui ont fait économiser des dizaines de milliers de francs de commissions abusives.

Chaque cliente a reçu son tissu intact, payé par QR Code Universel en 1 seconde.

💎 Profitez-en vous aussi dès demain : envoyez « COLIS » au 05 44 05 19 72 sur WhatsApp ou cliquez 👉 https://wa.me/2250544051972?text=COLIS

#Wazap #CommerceAbidjan #BoutiqueCIV #Adjame #Cocody #Yopougon #PromoAbidjan #Team225","✨ Que feriez-vous de 30 000 F de marge supplémentaire économisés chaque mois sur vos livraisons ?"
"POST_022","J08","2026-10-08","08:00","matin","Facebook Feed & Story | Instagram Feed & Story | WhatsApp Statut","Bakary (Livreur Leader Indépendant Marcory)","valeur","marketing/programmation-60jours/visuels/feed/visuel_08_valeur_bakary_feed_square.png","marketing/programmation-60jours/visuels/story/visuel_08_valeur_bakary_story_vertical.png","🛵 LIVREURS D'ABIDJAN : POURQUOI DONNER 25% DE VOTRE SUEUR AUX APPLICATIONS ÉTRANGÈRES ?","🛵 LIVREURS D'ABIDJAN : POURQUOI DONNER 25% DE VOTRE SUEUR AUX APPLICATIONS ÉTRANGÈRES ?

Tu allumes ta moto dès l'aube. Tu affrontes la chaleur, la pluie et les embouteillages d'Abidjan.
Pourquoi accepter qu'une plateforme te prélève des commissions abusives sur chaque course ?

Sur WAZAP, ta dignité est respectée :
💰 0% commission : 100% du prix de la course reste dans TA poche.
🛡️ Zéro cash marchandise à transporter : le client paie par QR code, zéro risque d'agression ou d'accusation de vol.
📱 Grand Défi Trimestriel : 50 smartphones Xiaomi Redmi 15C neufs offerts aux motards réguliers !
Tout fonctionne sur WhatsApp sans application qui décharge ta batterie.

🔥 Rejoins la flotte des livreurs respectés : envoie « DISPO » par WhatsApp au 05 44 05 19 72 ou touche 👉 https://wa.me/2250544051972?text=DISPO

#Wazap #LivreurAbidjan #CoursierCIV #DigniteMotard #ZeroCommission #Redmi15C #Team225","💪 Combien de courses fais-tu par jour en moyenne à moto à Abidjan ? Dis-le en commentaire !"
"POST_023","J08","2026-10-08","12:30","midi","Facebook Feed & Story | Instagram Feed & Story | WhatsApp Statut","Bakary (Livreur Leader Indépendant Marcory)","valeur","marketing/programmation-60jours/visuels/feed/visuel_08_valeur_bakary_feed_square.png","marketing/programmation-60jours/visuels/story/visuel_08_valeur_bakary_story_vertical.png","🛵 LIVREURS INDÉPENDANTS : 4 COURSES BOUCLÉES CE MIDI = 100% DE L'ARGENT DANS TA POCHE !","🛵 LIVREURS INDÉPENDANTS : 4 COURSES BOUCLÉES CE MIDI = 100% DE L'ARGENT DANS TA POCHE !

Bakary a roulé toute la matinée entre Marcory, Treichville et Koumassi.
Sur d'autres plateformes, l'application lui aurait déjà prélevé 2 500 F sur ses gains.

Sur WAZAP, 0 FCFA de commission ! Tout ce qu'il a gagné est pour lui et sa moto.
Et en plus, Bakary cumule des points pour le grand tirage trimestriel des 50 smartphones Xiaomi Redmi 15C neufs !

🔥 Rejoins Bakary et gagne dignement ta vie : envoie « DISPO » sur WhatsApp au 05 44 05 19 72 ou touche 👉 https://wa.me/2250544051972?text=DISPO

#Wazap #LivreurAbidjan #CoursierCIV #DigniteMotard #ZeroCommission #Redmi15C #Team225","💪 Combien de courses as-tu déjà bouclées aujourd'hui sur les routes d'Abidjan ?"
"POST_024","J08","2026-10-08","18:30","soir","Facebook Feed & Story | Instagram Feed & Story | WhatsApp Statut","Bakary (Livreur Leader Indépendant Marcory)","valeur","marketing/programmation-60jours/visuels/feed/visuel_08_valeur_bakary_feed_square.png","marketing/programmation-60jours/visuels/story/visuel_08_valeur_bakary_story_vertical.png","🌙 18H30 : FIN DE JOURNÉE POUR LE LIVREUR WAZAP — ZÉRO DETTE DE COMMISSION ENVERS QUICONQUE !","🌙 18H30 : FIN DE JOURNÉE POUR LE LIVREUR WAZAP — ZÉRO DETTE DE COMMISSION ENVERS QUICONQUE !

Tu rentres chez toi à Marcory après une journée intense sur le bitume.
Tu n'as aucune commission à reverser en fin de semaine, aucun compte qui risque d'être bloqué arbitrairement.

Tu es libre, indépendant et respecté. Tu tapes « INDISPO » sur WhatsApp et tu profites de ta soirée en famille.

🛵 Sois ton propre patron : envoie « DISPO » sur WhatsApp au 05 44 05 19 72 ou clique 👉 https://wa.me/2250544051972?text=DISPO

#Wazap #LivreurAbidjan #CoursierCIV #DigniteMotard #ZeroCommission #Redmi15C #Team225","🤝 Quel est pour toi le plus bel avantage d'être un livreur indépendant à Abidjan ?"
"POST_025","J09","2026-10-09","08:00","matin","Facebook Feed & Story | Instagram Feed & Story | WhatsApp Statut","Koffi (Livreur Certifié Riviera)","valeur","marketing/programmation-60jours/visuels/feed/visuel_09_valeur_koffi_feed_square.png","marketing/programmation-60jours/visuels/story/visuel_09_valeur_koffi_story_vertical.png","🛑 STOP AUX COURSES À 450 FCFA ! SUR WAZAP, C'EST 1 000 FCFA NET MINIMUM PAR COURSE.","🛑 STOP AUX COURSES À 450 FCFA ! SUR WAZAP, C'EST 1 000 FCFA NET MINIMUM PAR COURSE.

Fini de rouler à perte pour des clopinettes qui ne paient même pas le carburant et l'usure de tes pneus.

Sur WAZAP, la grille tarifaire est claire, juste et transparente :
✅ 1 000 FCFA net minimum garanti dans la même commune, même pour 400 mètres.
✅ 1 500 FCFA pour une commune voisine.
✅ 2 000 FCFA pour les longues distances et traversées de ponts.
✅ Paiement direct à la livraison, sans retenue de flotte arbitraire.
Sois ton propre patron en toute liberté !

🛵 Inscris-toi en 2 minutes : envoie « DISPO » sur WhatsApp au 05 44 05 19 72 ou clique 👉 https://wa.me/2250544051972?text=DISPO

#Wazap #LivreursAbidjan #TarifJuste #DigniteMotard #Riviera #Cocody #Team225","🤝 Quel est pour vous le tarif minimum décent pour une course de livraison à Abidjan ? Donnez votre avis !"
"POST_026","J09","2026-10-09","12:30","midi","Facebook Feed & Story | Instagram Feed & Story | WhatsApp Statut","Koffi (Livreur Certifié Riviera)","valeur","marketing/programmation-60jours/visuels/feed/visuel_09_valeur_koffi_feed_square.png","marketing/programmation-60jours/visuels/story/visuel_09_valeur_koffi_story_vertical.png","🎯 DIGNITÉ DU COURSIER : 1 000 FCFA MINIMUM NET GARANTI DÈS LE PREMIER MÈTRE !","🎯 DIGNITÉ DU COURSIER : 1 000 FCFA MINIMUM NET GARANTI DÈS LE PREMIER MÈTRE !

À midi, les propositions de courses tombent. Pas question pour Koffi d'accepter une course à 400 ou 500 FCFA qui ne paie même pas un litre d'essence !

Sur WAZAP, le plancher minimum est gravé dans le marbre :
1 000 FCFA net dans la même commune.
1 500 FCFA commune voisine.
2 000 FCFA longue distance / traversée de pont.
Le travail d'un motard a une vraie valeur et WAZAP le fait respecter !

🛵 Roule pour des tarifs qui te respectent : envoie « DISPO » sur WhatsApp au 05 44 05 19 72 ou tape 👉 https://wa.me/2250544051972?text=DISPO

#Wazap #LivreursAbidjan #TarifJuste #DigniteMotard #Riviera #Cocody #Team225","🎯 As-tu déjà refusé une course parce que le prix proposé était insultant ? Dis-nous !"
"POST_027","J09","2026-10-09","18:30","soir","Facebook Feed & Story | Instagram Feed & Story | WhatsApp Statut","Koffi (Livreur Certifié Riviera)","valeur","marketing/programmation-60jours/visuels/feed/visuel_09_valeur_koffi_feed_square.png","marketing/programmation-60jours/visuels/story/visuel_09_valeur_koffi_story_vertical.png","🌙 18H30 : LE BILAN DE KOFFI — DES COURSES JUSTES, UN RESPECT TOTAL ET DE LA FIERTÉ.","🌙 18H30 : LE BILAN DE KOFFI — DES COURSES JUSTES, UN RESPECT TOTAL ET DE LA FIERTÉ.

Koffi range sa moto à la Riviera. Il a fait ses courses pour des commerçants de son quartier qui le connaissent et l'apprécient.

Pas de manipulation d'espèces dangereuse sur lui pendant les trajets de nuit : les clients ont payé par QR Code Universel.
Koffi rentre en sécurité avec son salaire net intact.

🛵 Fais partie de la flotte respectée : envoie « DISPO » au 05 44 05 19 72 sur WhatsApp ou clique 👉 https://wa.me/2250544051972?text=DISPO

#Wazap #LivreursAbidjan #TarifJuste #DigniteMotard #Riviera #Cocody #Team225","✨ Quelle est ta commune de prédilection pour rouler tranquillement le soir à Abidjan ?"
"POST_028","J10","2026-10-10","08:00","matin","Facebook Feed & Story | Instagram Feed & Story | WhatsApp Statut","Le Match Comparatif (Ancienne Méthode vs Révolution WAZAP)","valeur","marketing/programmation-60jours/visuels/feed/visuel_10_duel_comparatif_feed_square.png","marketing/programmation-60jours/visuels/story/visuel_10_duel_comparatif_story_vertical.png","⚖️ LE COMPARATIF SANS FILTRE : COMMENT LIVREZ-VOUS VOS CLIENTS EN 2026 À ABIDJAN ?","⚖️ LE COMPARATIF SANS FILTRE : COMMENT LIVREZ-VOUS VOS CLIENTS EN 2026 À ABIDJAN ?

❌ L'ANCIENNE MÉTHODE :
- 45 minutes pour trouver un motard disponible.
- Livreur qui disparaît avec la marchandise ou la recette cash.
- Zéro recours ni assurance en cas de colis écrasé.
- 20% à 30% de commission perdus sur vos ventes.

🟢 LA RÉVOLUTION WAZAP :
- Un coursier assigné en moins de 3 minutes chrono.
- Zéro cash sur la marchandise : encaissement direct par QR Code Universel.
- Assurance Colis Sûr protégeant chaque envoi.
- 0% commission et 15 livraisons offertes pour tester !

👉 Le choix du bon sens : envoyez « COLIS » sur WhatsApp au 05 44 05 19 72 ou touchez 👉 https://wa.me/2250544051972?text=COLIS

#Wazap #LivraisonAbidjan #EcommerceCIV #VenteEnLigneCIV #Team225 #AbidjanInnovation #Cocody #Marcory","🎯 Prêt à moderniser vos livraisons pour les 60 prochains jours ? Tapez OUI en commentaire !"
"POST_029","J10","2026-10-10","12:30","midi","Facebook Feed & Story | Instagram Feed & Story | WhatsApp Statut","Le Match Comparatif (Ancienne Méthode vs Révolution WAZAP)","valeur","marketing/programmation-60jours/visuels/feed/visuel_10_duel_comparatif_feed_square.png","marketing/programmation-60jours/visuels/story/visuel_10_duel_comparatif_story_vertical.png","⚖️ MATCH DE MIDI : 45 MIN À CHERCHER UN MOTARD VS UN COURSIER EN 3 MIN AVEC WAZAP !","⚖️ MATCH DE MIDI : 45 MIN À CHERCHER UN MOTARD VS UN COURSIER EN 3 MIN AVEC WAZAP !

Il est 12h30. Deux boutiques voisines reçoivent une commande urgente.
Boutique A : envoie des messages dans 8 groupes WhatsApp, attend, relance, le client s'énerve.
Boutique B (WAZAP) : tape COLIS sur WhatsApp, un livreur certifié accepte en 2 min 40 s, la commande est déjà en route.

Le résultat ? Boutique B fidélise son client pendant que Boutique A perd sa vente.

👉 Passez dans le camp des gagnants : envoyez « COLIS » au 05 44 05 19 72 sur WhatsApp ou cliquez 👉 https://wa.me/2250544051972?text=COLIS

#Wazap #LivraisonAbidjan #EcommerceCIV #VenteEnLigneCIV #Team225 #AbidjanInnovation #Cocody #Marcory","⏱️ Dans quel camp préférez-vous être pour vos livraisons de ce midi ?"
"POST_030","J10","2026-10-10","18:30","soir","Facebook Feed & Story | Instagram Feed & Story | WhatsApp Statut","Le Match Comparatif (Ancienne Méthode vs Révolution WAZAP)","valeur","marketing/programmation-60jours/visuels/feed/visuel_10_duel_comparatif_feed_square.png","marketing/programmation-60jours/visuels/story/visuel_10_duel_comparatif_story_vertical.png","🌙 18H30 : LE MATCH EST PLIÉ — REGARDEZ LE BILAN DE VOTRE JOURNÉE DE COMMERCE !","🌙 18H30 : LE MATCH EST PLIÉ — REGARDEZ LE BILAN DE VOTRE JOURNÉE DE COMMERCE !

❌ ANCIENNE MÉTHODE :
- Vous avez passé 2 heures au téléphone à traquer des livreurs.
- Vous avez tremblé jusqu'au retour de vos recettes.
- Vous avez perdu 25% de marge en commissions.

🟢 MÉTHODE WAZAP :
- Livreur assigné en 3 minutes chrono.
- Zéro manipulation d'espèces sur la marchandise.
- 15 courses gratuites et 100% de vos marges conservées.

Le choix du bon sens est fait.

🎯 Adoptez la révolution WAZAP dès demain : envoyez « COLIS » sur WhatsApp au 05 44 05 19 72 ou tapez 👉 https://wa.me/2250544051972?text=COLIS

#Wazap #LivraisonAbidjan #EcommerceCIV #VenteEnLigneCIV #Team225 #AbidjanInnovation #Cocody #Marcory","🥊 Quel est le point qui vous soulage le plus dans la méthode WAZAP ? Dites-le nous en commentaire !"
"POST_031","J11","2026-10-11","08:00","matin","Facebook Feed & Story | Instagram Feed & Story | WhatsApp Statut","Awa (Bijouterie & Mode Deux-Plateaux)","securite","marketing/programmation-60jours/visuels/feed/visuel_01_securite_awa_feed_square.png","marketing/programmation-60jours/visuels/story/visuel_01_securite_awa_story_vertical.png","🚨 WAZAP.CI - FINI LES LIVREURS QUI DISPARAISSENT AVEC VOTRE ARGENT !","🚨 WAZAP.CI - FINI LES LIVREURS QUI DISPARAISSENT AVEC VOTRE ARGENT !

Chaque matin à Abidjan, c'est la même angoisse : confier des bijoux ou des marchandises de valeur à un coursier inconnu et prier pour qu'il ne disparaisse pas avec votre recette !

Sur WAZAP, la règle est limpide et inviolable : ZÉRO CASH SUR LA MARCHANDISE.
À la livraison, votre client scanne simplement le QR Code Universel WAZAP (Wave, Orange Money, MTN, Moov, Carte bancaire). L'argent arrive instantanément sur VOTRE compte avant même que le coursier ne reparte.

🛡️ Livreurs vérifiés CNI par IA Google Cloud Vision
📍 Géolocalisation live sur la carte en temps réel
🎁 15 premières livraisons offertes sans commission WAZAP !

👉 Prêt à expédier en toute sérénité ? Envoyez « COLIS » sur WhatsApp au 05 44 05 19 72 ou touchez le lien direct : https://wa.me/2250544051972?text=COLIS

#Wazap #LivraisonAbidjan #EcommerceCIV #VenteEnLigneCIV #Team225 #AbidjanBusiness #Cocody #Marcory #Yopougon #Plateau","💬 Avez-vous déjà été victime d'un livreur qui a disparu avec votre recette de marchandise à Abidjan ? Partagez votre expérience en commentaire."
"POST_032","J11","2026-10-11","12:30","midi","Facebook Feed & Story | Instagram Feed & Story | WhatsApp Statut","Awa (Bijouterie & Mode Deux-Plateaux)","securite","marketing/programmation-60jours/visuels/feed/visuel_01_securite_awa_feed_square.png","marketing/programmation-60jours/visuels/story/visuel_01_securite_awa_story_vertical.png","⚡ BIJOUTERIE & ARTICLES DE VALEUR À MIDI : ZÉRO CASH MANIPULÉ, ZÉRO RISQUE !","⚡ BIJOUTERIE & ARTICLES DE VALEUR À MIDI : ZÉRO CASH MANIPULÉ, ZÉRO RISQUE !

Pause déjeuner à Abidjan : une cliente au Plateau commande un collier ou une montre de valeur.
Comment la livrer en toute sécurité sans craindre qu'un coursier parte avec l'argent ?

Sur WAZAP, la règle est mathématique : ZÉRO CASH SUR LA MARCHANDISE.
Le client scanne le QR Code Universel WAZAP (Wave, Orange Money, MTN, Moov, Carte bancaire).
L'argent entre directement sur le compte d'Awa avant même la remise du paquet.

🛡️ Coursiers vérifiés avec CNI par IA Google Cloud Vision
📍 Trajet surveillé en temps réel par GPS
🎁 15 premières livraisons offertes sans commission !

👉 Expédiez vos créations précieuses en toute sécurité : envoyez « COLIS » au 05 44 05 19 72 sur WhatsApp ou cliquez 👉 https://wa.me/2250544051972?text=COLIS

#Wazap #LivraisonAbidjan #EcommerceCIV #VenteEnLigneCIV #Team225 #AbidjanBusiness #Cocody #Marcory #Yopougon #Plateau","💎 Confieriez-vous un bijou de 50 000 F à un livreur inconnu sans garantie ? Donnez votre avis !"
"POST_033","J11","2026-10-11","18:30","soir","Facebook Feed & Story | Instagram Feed & Story | WhatsApp Statut","Awa (Bijouterie & Mode Deux-Plateaux)","securite","marketing/programmation-60jours/visuels/feed/visuel_01_securite_awa_feed_square.png","marketing/programmation-60jours/visuels/story/visuel_01_securite_awa_story_vertical.png","🌙 18H30 À ABIDJAN : FERMEZ VOTRE BOUTIQUE L'ESPRIT SEREIN, 100% DE VOS RECETTES EN COMPTE !","🌙 18H30 À ABIDJAN : FERMEZ VOTRE BOUTIQUE L'ESPRIT SEREIN, 100% DE VOS RECETTES EN COMPTE !

Fini d'attendre 20h dans l'angoisse qu'un livreur revienne verser vos recettes de la journée.
Avec WAZAP, chaque vente est encaissée à la seconde même de la livraison par QR Code Universel.

Vous clôturez vos comptes en 1 coup d'œil sur votre téléphone, votre trésorerie est sécurisée, et l'Assurance Colis Sûr protège chaque expédition.
C'est la tranquillité d'esprit que mérite tout commerçant ivoirien.

📦 Rejoignez les commerçants sereins : envoyez « COLIS » sur WhatsApp au 05 44 05 19 72 ou touchez 👉 https://wa.me/2250544051972?text=COLIS

#Wazap #LivraisonAbidjan #EcommerceCIV #VenteEnLigneCIV #Team225 #AbidjanBusiness #Cocody #Marcory #Yopougon #Plateau","✨ À quelle heure clôturez-vous habituellement vos comptes de livraison le soir ? Partagez vos réalités d'entrepreneur !"
"POST_034","J12","2026-10-12","08:00","matin","Facebook Feed & Story | Instagram Feed & Story | WhatsApp Statut","Fatou (Pâtisserie & Traiteur Yopougon)","securite","marketing/programmation-60jours/visuels/feed/visuel_02_securite_fatou_feed_square.png","marketing/programmation-60jours/visuels/story/visuel_02_securite_fatou_story_vertical.png","🎂 PÂTISSIÈRES & TRAITEURS D'ABIDJAN : FINI LES GÂTEAUX ÉCRASÉS ET LES REPAS RENVERSÉS !","🎂 PÂTISSIÈRES & TRAITEURS D'ABIDJAN : FINI LES GÂTEAUX ÉCRASÉS ET LES REPAS RENVERSÉS !

Combien d'heures passez-vous à peaufiner un gâteau d'anniversaire pour le voir ruiné au fond d'un sac de moto inadapté ?

Avec WAZAP, vos livraisons délicates sont protégées :
🔒 Assurance Colis Sûr : votre marchandise est couverte et remboursée en cas de dommage.
🛵 Coursiers formés au maintien horizontal des plateaux.
💳 Zéro cash marchandise : le client règle le montant exact au franc près par QR Code Universel (Wave, OM, MTN). Aucun risque de faux billet ou de vol !

📲 Pour expédier vos créations en toute confiance : envoyez « COLIS » sur WhatsApp au 05 44 05 19 72 ou touchez 👉 https://wa.me/2250544051972?text=COLIS (15 courses offertes sans commission).

#Wazap #PatisserieAbidjan #GateauAbidjan #TraiteurCIV #Yopougon #Cocody #Team225","🧁 Quel a été votre pire accident de livraison sur un gâteau ou un plat à Abidjan ? Dites-le nous en commentaire !"
"POST_035","J12","2026-10-12","12:30","midi","Facebook Feed & Story | Instagram Feed & Story | WhatsApp Statut","Fatou (Pâtisserie & Traiteur Yopougon)","securite","marketing/programmation-60jours/visuels/feed/visuel_02_securite_fatou_feed_square.png","marketing/programmation-60jours/visuels/story/visuel_02_securite_fatou_story_vertical.png","🎂 RUSH DE MIDI : GÂTEAUX D'ANNIVERSAIRE LIVRÉS AU BUREAU SANS UNE SEULE ÉGRATIGNURE !","🎂 RUSH DE MIDI : GÂTEAUX D'ANNIVERSAIRE LIVRÉS AU BUREAU SANS UNE SEULE ÉGRATIGNURE !

À 13h, la fête d'anniversaire surprise commence au bureau. Si le gâteau arrive incliné ou la crème écrasée, c'est la réputation de Fatou qui est en jeu !

Avec WAZAP Colis Sûr :
🛵 Coursiers formés au transport horizontal délicat.
🔒 Assurance Colis Sûr garantissant le remboursement en cas d'accident.
💳 Le collègue qui réceptionne scanne le QR code Wave / Orange / MTN au franc près !

📲 Vos douceurs méritent les meilleurs égards : envoyez « COLIS » sur WhatsApp au 05 44 05 19 72 ou touchez 👉 https://wa.me/2250544051972?text=COLIS

#Wazap #PatisserieAbidjan #GateauAbidjan #TraiteurCIV #Yopougon #Cocody #Team225","🧁 Avez-vous déjà vu un gâteau arriver complètement renversé par un livreur pressé ? Racontez-nous !"
"POST_036","J12","2026-10-12","18:30","soir","Facebook Feed & Story | Instagram Feed & Story | WhatsApp Statut","Fatou (Pâtisserie & Traiteur Yopougon)","securite","marketing/programmation-60jours/visuels/feed/visuel_02_securite_fatou_feed_square.png","marketing/programmation-60jours/visuels/story/visuel_02_securite_fatou_story_vertical.png","🌙 18H30 : TOUS LES BUFFETS DU JOUR LIVRÉS IMPECCABLES & ENCAISSÉS AU DERNIER CENTIME !","🌙 18H30 : TOUS LES BUFFETS DU JOUR LIVRÉS IMPECCABLES & ENCAISSÉS AU DERNIER CENTIME !

Après une journée passée devant les fourneaux à pétrir et décorer, Fatou souffle enfin.
Tous ses gâteaux et plateaux traiteurs du jour sont arrivés intacts chez les clients.

Zéro palabre de fausse monnaie, zéro livreur injoignable dans la nuit : l'argent de chaque commande a été versé directement par QR Code Universel dès la porte franchie.

🍰 Pour des livraisons gourmandes 100% sereines : envoyez « COLIS » au 05 44 05 19 72 sur WhatsApp ou cliquez 👉 https://wa.me/2250544051972?text=COLIS

#Wazap #PatisserieAbidjan #GateauAbidjan #TraiteurCIV #Yopougon #Cocody #Team225","❤️ Quelle est la commande la plus délicate que vous ayez eu à livrer jusqu'à présent ?"
"POST_037","J13","2026-10-13","08:00","matin","Facebook Feed & Story | Instagram Feed & Story | WhatsApp Statut","Clarisse (Cosmétiques & Parfums Koumassi)","securite","marketing/programmation-60jours/visuels/feed/visuel_03_securite_clarisse_feed_square.png","marketing/programmation-60jours/visuels/story/visuel_03_securite_clarisse_story_vertical.png","🌧️ IL PLEUT À VERSE SUR ABIDJAN ET VOTRE COURSIER NE RÉPOND PLUS AU TÉLÉPHONE ?","🌧️ IL PLEUT À VERSE SUR ABIDJAN ET VOTRE COURSIER NE RÉPOND PLUS AU TÉLÉPHONE ?

À Abidjan, la moindre averse paralyse les livraisons. Vos clientes s'impatientent, vous passez 15 appels sans réponse, et vos crèmes ou parfums risquent d'arriver trempés.

Sur WAZAP, vous gardez le contrôle de bout en bout :
📍 Radar GPS temps réel : vous et votre cliente suivez la moto rue par rue sans avoir à appeler.
🛡️ Sacs de livraison étanches garantis.
💰 Le client scanne et règle en 1 tap à la porte d'entrée par Mobile Money.

📦 Expédiez vos colis beauté sans angoisse : envoyez « COLIS » au 05 44 05 19 72 ou cliquez 👉 https://wa.me/2250544051972?text=COLIS

#Wazap #CosmetiquesCIV #BeauteAbidjan #Koumassi #Marcory #LivraisonPluie #Team225","🌧️ Combien de commandes avez-vous déjà perdues à cause d'une journée de pluie à Abidjan ? Partagez vos réalités !"
"POST_038","J13","2026-10-13","12:30","midi","Facebook Feed & Story | Instagram Feed & Story | WhatsApp Statut","Clarisse (Cosmétiques & Parfums Koumassi)","securite","marketing/programmation-60jours/visuels/feed/visuel_03_securite_clarisse_feed_square.png","marketing/programmation-60jours/visuels/story/visuel_03_securite_clarisse_story_vertical.png","💄 COMMANDES BEAUTÉ EXPRESS ENTRE MIDI ET DEUX : VOS CLIENTES LIVRÉES À LA PAUSE DÉJEUNER !","💄 COMMANDES BEAUTÉ EXPRESS ENTRE MIDI ET DEUX : VOS CLIENTES LIVRÉES À LA PAUSE DÉJEUNER !

Vos clientes au travail profitent de la pause déjeuner pour recevoir leurs crèmes, sérums et parfums.
Pas question de les faire attendre 45 minutes sur le trottoir !

Sur WAZAP, la cliente suit la moto en temps réel sur la carte interactive.
À l'arrivée, scan instantané du QR Code WAZAP (Wave, OM, MTN) en 5 secondes chrono.
Elle retourne au bureau à l'heure, ravie et parfumée !

🌸 Vos produits méritent un service rapide et élégant : envoyez « COLIS » sur WhatsApp au 05 44 05 19 72 ou tapez 👉 https://wa.me/2250544051972?text=COLIS

#Wazap #CosmetiquesCIV #BeauteAbidjan #Koumassi #Marcory #LivraisonPluie #Team225","💄 Vos clientes commandent-elles plutôt des soins du visage ou des parfums pour les livraisons de midi ?"
"POST_039","J13","2026-10-13","18:30","soir","Facebook Feed & Story | Instagram Feed & Story | WhatsApp Statut","Clarisse (Cosmétiques & Parfums Koumassi)","securite","marketing/programmation-60jours/visuels/feed/visuel_03_securite_clarisse_feed_square.png","marketing/programmation-60jours/visuels/story/visuel_03_securite_clarisse_story_vertical.png","🌧️ MÊME SOUS L'ORAGE DU SOIR À ABIDJAN : VOS PARFUMS ARRIVENT AU SEC DANS DES SACS SCELLÉS !","🌧️ MÊME SOUS L'ORAGE DU SOIR À ABIDJAN : VOS PARFUMS ARRIVENT AU SEC DANS DES SACS SCELLÉS !

Quand la pluie torrentielle tombe sur le boulevard de Koumassi à 18h, la plupart des livreurs éteignent leur téléphone et s'abritent sous les ponts.

Les livreurs partenaires WAZAP sont équipés de sacs étanches Colis Sûr.
Le radar GPS continue d'émettre en direct. Vous savez exactement où se trouve votre colis, et votre cliente est rassurée.

📦 Expédiez par tous les temps : envoyez « COLIS » au 05 44 05 19 72 sur WhatsApp ou touchez 👉 https://wa.me/2250544051972?text=COLIS

#Wazap #CosmetiquesCIV #BeauteAbidjan #Koumassi #Marcory #LivraisonPluie #Team225","🌧️ Quels aménagements faites-vous pour protéger vos colis quand la météo s'emballe à Abidjan ?"
"POST_040","J14","2026-10-14","08:00","matin","Facebook Feed & Story | Instagram Feed & Story | WhatsApp Statut","Salimata (Styliste Mode & Ateliers Couture Angré)","rapidite","marketing/programmation-60jours/visuels/feed/visuel_04_rapidite_salimata_feed_square.png","marketing/programmation-60jours/visuels/story/visuel_04_rapidite_salimata_story_vertical.png","⚡ CLIENTE PRESSÉE POUR UNE SOIRÉE ? NE PERDEZ PLUS 45 MINUTES À CHERCHER UNE MOTO !","⚡ CLIENTE PRESSÉE POUR UNE SOIRÉE ? NE PERDEZ PLUS 45 MINUTES À CHERCHER UNE MOTO !

Votre robe sur-mesure est repassée, prête à partir, mais aucun livreur habituel n'est disponible ?

Sur WAZAP, plus besoin d'écrire dans 5 groupes WhatsApp :
En 3 clics, notre radar alerte les coursiers les plus proches de votre atelier.
En moins de 3 minutes chrono, un coursier certifié accepte et se met en route.

👗 Vos tenues voyagent suspendues et protégées.
💳 Règlement instantané par Mobile Money à l'essayage.

👉 Testez gratuitement dès aujourd'hui : envoyez « COLIS » sur WhatsApp au 05 44 05 19 72 ou tapez 👉 https://wa.me/2250544051972?text=COLIS (15 courses offertes !)

#Wazap #ModeAbidjan #StylisteCIV #Couture225 #Angre #Cocody #Team225","👗 Quel est le délai le plus court qu'un client vous ait déjà demandé pour une livraison urgente ?"
"POST_041","J14","2026-10-14","12:30","midi","Facebook Feed & Story | Instagram Feed & Story | WhatsApp Statut","Salimata (Styliste Mode & Ateliers Couture Angré)","rapidite","marketing/programmation-60jours/visuels/feed/visuel_04_rapidite_salimata_feed_square.png","marketing/programmation-60jours/visuels/story/visuel_04_rapidite_salimata_story_vertical.png","👗 RETOUCHE COUTURE LIVRÉE EN URGENCE AVANT LA SOIRÉE : WAZAP ARRIVE EN 3 MINUTES !","👗 RETOUCHE COUTURE LIVRÉE EN URGENCE AVANT LA SOIRÉE : WAZAP ARRIVE EN 3 MINUTES !

La robe de soirée de votre cliente a reçu sa dernière touche d'aiguille à 12h15.
La cliente en a besoin d'urgence pour son gala ce soir.

Pourquoi passer 15 appels sans réponse ?
Sur WAZAP, 1 tap sur WhatsApp déclenche le radar des 5 livreurs les plus proches d'Angré.
En 3 minutes chrono, la course est prise. La robe voyage sous housse protectrice.

⚡ Pour vos livraisons d'ateliers et de mode : envoyez « COLIS » au 05 44 05 19 72 ou cliquez 👉 https://wa.me/2250544051972?text=COLIS

#Wazap #ModeAbidjan #StylisteCIV #Couture225 #Angre #Cocody #Team225","🧵 Combien de temps mettez-vous en moyenne pour trouver un livreur de confiance pour vos tenues de valeur ?"
"POST_042","J14","2026-10-14","18:30","soir","Facebook Feed & Story | Instagram Feed & Story | WhatsApp Statut","Salimata (Styliste Mode & Ateliers Couture Angré)","rapidite","marketing/programmation-60jours/visuels/feed/visuel_04_rapidite_salimata_feed_square.png","marketing/programmation-60jours/visuels/story/visuel_04_rapidite_salimata_story_vertical.png","🌙 18H30 : LES CRÉATIONS DE SALIMATA BRILLENT SUR LES ÉVÉNEMENTS, ZÉRO STRESS LIVRAISON !","🌙 18H30 : LES CRÉATIONS DE SALIMATA BRILLENT SUR LES ÉVÉNEMENTS, ZÉRO STRESS LIVRAISON !

Pendant que ses clientes défilent et reçoivent des compliments dans leurs robes sur-mesure, Salimata a déjà la confirmation de toutes ses livraisons du jour.

Chaque cliente a scanné le QR Code Universel WAZAP à l'essayage.
Salimata a encaissé sa recette au franc près, sans commission exorbitante prélevée sur sa créativité.

💎 Faites décoller votre atelier de stylisme : envoyez « COLIS » sur WhatsApp au 05 44 05 19 72 ou tapez 👉 https://wa.me/2250544051972?text=COLIS

#Wazap #ModeAbidjan #StylisteCIV #Couture225 #Angre #Cocody #Team225","✨ Quelle a été votre plus belle satisfaction client cette semaine ? Racontez-nous !"
"POST_043","J15","2026-10-15","08:00","matin","Facebook Feed & Story | Instagram Feed & Story | WhatsApp Statut","Chef Momo (Restaurants, Maquis & Grillades Treichville)","rapidite","marketing/programmation-60jours/visuels/feed/visuel_05_rapidite_momo_feed_square.png","marketing/programmation-60jours/visuels/story/visuel_05_rapidite_momo_story_vertical.png","🔥 RUSH DE MIDI À ABIDJAN : VOS GRILLADES LIVRÉES FUMANTES SANS FAIRE ATTENDRE VOS CLIENTS !","🔥 RUSH DE MIDI À ABIDJAN : VOS GRILLADES LIVRÉES FUMANTES SANS FAIRE ATTENDRE VOS CLIENTS !

À l'heure de la pause déjeuner, 10 minutes de retard suffisent pour perdre un client fidèle.

Avec le réseau WAZAP :
🍲 Les livreurs de votre quartier sont pré-positionnés autour de vos fourneaux.
⏱️ Course assignée en un éclair, repas transporté dans des caissons isolés, livré en 20 minutes.
💵 Fini le casse-tête de la monnaie : le client scanne le QR code Wave / Orange / MTN au centime près !

🍗 Doublez vos livraisons de midi dès maintenant : envoyez « COLIS » sur WhatsApp au 05 44 05 19 72 ou touchez 👉 https://wa.me/2250544051972?text=COLIS

#Wazap #RestoAbidjan #Choukouya #FastFoodCIV #Treichville #Plateau #Team225","🍲 Vos clients préfèrent-ils être livrés au bureau à midi ou à la maison le soir ? Donnez votre avis ci-dessous !"
"POST_044","J15","2026-10-15","12:30","midi","Facebook Feed & Story | Instagram Feed & Story | WhatsApp Statut","Chef Momo (Restaurants, Maquis & Grillades Treichville)","rapidite","marketing/programmation-60jours/visuels/feed/visuel_05_rapidite_momo_feed_square.png","marketing/programmation-60jours/visuels/story/visuel_05_rapidite_momo_story_vertical.png","🔥 12H30 : LE FEU CRÉPITE À TREICHVILLE, LES PLATS PARTENT EN 20 MIN FUMANTS ET SAVOUREUX !","🔥 12H30 : LE FEU CRÉPITE À TREICHVILLE, LES PLATS PARTENT EN 20 MIN FUMANTS ET SAVOUREUX !

Choukouya de bœuf, poulet braisé, aloco doré... À midi, les estomacs n'attendent pas !
Un retard de 15 minutes, et c'est un client en colère qui annule sa commande.

Sur WAZAP, nos livreurs de proximité sont pré-positionnés autour de vos fourneaux.
Le repas est emballé dans des caissons isolés et livré en moins de 20 minutes chrono.
Le client paie par QR code au centime près : zéro dispute de monnaie !

🍗 Multipliez vos commandes du déjeuner : envoyez « COLIS » au 05 44 05 19 72 sur WhatsApp ou cliquez 👉 https://wa.me/2250544051972?text=COLIS

#Wazap #RestoAbidjan #Choukouya #FastFoodCIV #Treichville #Plateau #Team225","🍗 Quel est le plat le plus commandé dans votre maquis ou fast-food le midi à Abidjan ?"
"POST_045","J15","2026-10-15","18:30","soir","Facebook Feed & Story | Instagram Feed & Story | WhatsApp Statut","Chef Momo (Restaurants, Maquis & Grillades Treichville)","rapidite","marketing/programmation-60jours/visuels/feed/visuel_05_rapidite_momo_feed_square.png","marketing/programmation-60jours/visuels/story/visuel_05_rapidite_momo_story_vertical.png","🌙 18H30 : LE RUSH DU DÎNER DÉMARRE ! LIVREZ VOS GRILLADES DU SOIR SANS FAUX PAS.","🌙 18H30 : LE RUSH DU DÎNER DÉMARRE ! LIVREZ VOS GRILLADES DU SOIR SANS FAUX PAS.

À la tombée de la nuit, les travailleurs rentrent et commandent leurs dîners.
Avec WAZAP, la flotte de coursiers reste mobilisée jusqu'à la dernière braise.

Chaque plat arrive chaud, la recette est versée immédiatement sur votre compte Mobile Money, et vous clôturez une journée rentable sans jamais manipuler de billets sales.

🔥 Boostez vos livraisons du soir : envoyez « COLIS » sur WhatsApp au 05 44 05 19 72 ou cliquez 👉 https://wa.me/2250544051972?text=COLIS

#Wazap #RestoAbidjan #Choukouya #FastFoodCIV #Treichville #Plateau #Team225","🍻 Jusqu'à quelle heure servez-vous des commandes à emporter le soir ?"
"POST_046","J16","2026-10-16","08:00","matin","Facebook Feed & Story | Instagram Feed & Story | WhatsApp Statut","Amara (Sneakers & Streetwear Marcory)","rapidite","marketing/programmation-60jours/visuels/feed/visuel_06_rapidite_amara_feed_square.png","marketing/programmation-60jours/visuels/story/visuel_06_rapidite_amara_story_vertical.png","💵 « CHEF, JE N'AI PAS LA MONNAIE SUR 10 000 F ! » : FINI CE REFRAIN QUI VOUS FAIT PERDRE DES VENTES !","💵 « CHEF, JE N'AI PAS LA MONNAIE SUR 10 000 F ! » : FINI CE REFRAIN QUI VOUS FAIT PERDRE DES VENTES !

Le livreur arrive à la porte. Le client sort un gros billet de 10 000 F. Le coursier n'a pas la monnaie, il part chercher au carrefour... et perd 30 minutes pendant que le client s'agace.

Sur WAZAP, cette galère est éradiquée :
Le client scanne le QR Code Universel WAZAP et règle le montant exact au franc près depuis son compte Wave, Orange Money ou MTN.

🚫 Zéro manipulation de billets douteux
⚡ Votre recette est virée à la seconde sur votre compte
🛵 Le livreur repart immédiatement pour sa prochaine course.

👟 Modernisez vos encaissements : envoyez « COLIS » sur WhatsApp au 05 44 05 19 72 ou touchez 👉 https://wa.me/2250544051972?text=COLIS

#Wazap #SneakersAbidjan #StreetwearCIV #Marcory #ZeroCash #MobileMoneyCIV #Team225","💵 Quelle est la plus grosse somme de monnaie que vous ayez déjà couru chercher pour un client ? Racontez-nous !"
"POST_047","J16","2026-10-16","12:30","midi","Facebook Feed & Story | Instagram Feed & Story | WhatsApp Statut","Amara (Sneakers & Streetwear Marcory)","rapidite","marketing/programmation-60jours/visuels/feed/visuel_06_rapidite_amara_feed_square.png","marketing/programmation-60jours/visuels/story/visuel_06_rapidite_amara_story_vertical.png","👟 SNEAKERS & STREETWEAR LIVRÉS À MIDI PILE : FINI LES ACHETEURS QUI N'ONT PAS LA MONNAIE !","👟 SNEAKERS & STREETWEAR LIVRÉS À MIDI PILE : FINI LES ACHETEURS QUI N'ONT PAS LA MONNAIE !

Le livreur sonne à Marcory. La paire de Jordan ou de sneakers tendance vaut 28 500 FCFA.
L'acheteur sort 3 billets de 10 000 FCFA. Qui a la monnaie de 1 500 F ? Personne !

Avec WAZAP, l'acheteur scanne le QR code Wave / Orange / MTN et paie exactement 28 500 FCFA en 1 seconde.
Pas de billets égarés, pas d'aller-retour au kiosque, Amara reçoit sa notification bancaire immédiatement.

🚀 Modernisez la livraison de votre shop : envoyez « COLIS » au 05 44 05 19 72 sur WhatsApp ou touchez 👉 https://wa.me/2250544051972?text=COLIS

#Wazap #SneakersAbidjan #StreetwearCIV #Marcory #ZeroCash #MobileMoneyCIV #Team225","👟 Combien de ventes avez-vous déjà failli annuler juste à cause d'un manque de monnaie ?"
"POST_048","J16","2026-10-16","18:30","soir","Facebook Feed & Story | Instagram Feed & Story | WhatsApp Statut","Amara (Sneakers & Streetwear Marcory)","rapidite","marketing/programmation-60jours/visuels/feed/visuel_06_rapidite_amara_feed_square.png","marketing/programmation-60jours/visuels/story/visuel_06_rapidite_amara_story_vertical.png","🌙 18H30 : TOUTES LES PAIRES DE LA JOURNÉE LIVRÉES, TRÉSORERIE 100% AU VERT !","🌙 18H30 : TOUTES LES PAIRES DE LA JOURNÉE LIVRÉES, TRÉSORERIE 100% AU VERT !

La journée de vente se termine pour le streetwear à Abidjan. Les clients ont reçu leurs colis, essayent leurs paires et postent leurs unboxings.

Sur WAZAP, Amara n'a pas un seul franc dans la nature.
Zéro commission cachée, zéro risque de faux billet encaissé à la sauvette.

👟 Rejoignez la nouvelle génération de commerçants : envoyez « COLIS » au 05 44 05 19 72 ou tapez 👉 https://wa.me/2250544051972?text=COLIS

#Wazap #SneakersAbidjan #StreetwearCIV #Marcory #ZeroCash #MobileMoneyCIV #Team225","🔥 Quel modèle de sneakers a été votre plus gros carton de vente ce mois-ci ?"
"POST_049","J17","2026-10-17","08:00","matin","Facebook Feed & Story | Instagram Feed & Story | WhatsApp Statut","Tantie Aïcha (Wax & Boutiques de Quartier Adjamé)","valeur","marketing/programmation-60jours/visuels/feed/visuel_07_valeur_aicha_feed_square.png","marketing/programmation-60jours/visuels/story/visuel_07_valeur_aicha_story_vertical.png","🎁 COMMERÇANTS D'ABIDJAN : ET SI VOS 15 PROCHAINES LIVRAISONS NE VOUS COÛTAIENT STRICTEMENT RIEN EN COMMISSION ?","🎁 COMMERÇANTS D'ABIDJAN : ET SI VOS 15 PROCHAINES LIVRAISONS NE VOUS COÛTAIENT STRICTEMENT RIEN EN COMMISSION ?

Pourquoi continuer à payer des commissions de 20% à 30% ou des abonnements mensuels ruineux pour expédier vos ventes ?

WAZAP offre à chaque boutique d'Abidjan le Pack Digital Boutique :
✅ 15 recherches de livreurs offertes à 0 F de commission WAZAP.
✅ Vous ne payez que le coursier à son tarif direct et équitable (1 000 F à 2 000 F net).
✅ Zéro application lourde à télécharger : tout se pilote directement dans WhatsApp !
Testez notre technologie en conditions réelles sans sortir un franc de votre poche.

🛍️ Activez vos 15 livraisons offertes en 30 secondes : envoyez « COLIS » sur WhatsApp au 05 44 05 19 72 ou cliquez 👉 https://wa.me/2250544051972?text=COLIS

#Wazap #CommerceAbidjan #BoutiqueCIV #Adjame #Cocody #Yopougon #PromoAbidjan #Team225","🎁 Combien de colis expédiez-vous en moyenne par semaine depuis votre boutique ? Répondez ci-dessous !"
"POST_050","J17","2026-10-17","12:30","midi","Facebook Feed & Story | Instagram Feed & Story | WhatsApp Statut","Tantie Aïcha (Wax & Boutiques de Quartier Adjamé)","valeur","marketing/programmation-60jours/visuels/feed/visuel_07_valeur_aicha_feed_square.png","marketing/programmation-60jours/visuels/story/visuel_07_valeur_aicha_story_vertical.png","🎁 COMMERÇANTS DU GRAND MARCHÉ D'ADJAMÉ : EXPÉDIEZ VOS COLIS DE MIDI À 0 F DE COMMISSION !","🎁 COMMERÇANTS DU GRAND MARCHÉ D'ADJAMÉ : EXPÉDIEZ VOS COLIS DE MIDI À 0 F DE COMMISSION !

Tantie Aïcha a préparé 6 complets de wax pour des clientes à Marcory et Yopougon.
Pourquoi donner 2 000 F de commission par colis aux applications intermédiaires ?

Sur WAZAP, le Pack Digital Boutique offre 15 courses sans aucune commission WAZAP.
Le livreur touche son tarif net juste (1 000 F à 2 000 F), et Tantie Aïcha conserve l'intégralité de sa marge commerciale !

🛍️ Réservez votre pack gratuit en 30 secondes : envoyez « COLIS » sur WhatsApp au 05 44 05 19 72 ou touchez 👉 https://wa.me/2250544051972?text=COLIS

#Wazap #CommerceAbidjan #BoutiqueCIV #Adjame #Cocody #Yopougon #PromoAbidjan #Team225","📢 Quel montant moyen dépensez-vous par mois en frais de livraison pour votre boutique ?"
"POST_051","J17","2026-10-17","18:30","soir","Facebook Feed & Story | Instagram Feed & Story | WhatsApp Statut","Tantie Aïcha (Wax & Boutiques de Quartier Adjamé)","valeur","marketing/programmation-60jours/visuels/feed/visuel_07_valeur_aicha_feed_square.png","marketing/programmation-60jours/visuels/story/visuel_07_valeur_aicha_story_vertical.png","🌙 18H30 : LES PORTES D'ADJAMÉ SE FERMENT, LA TRÉSORERIE DE TANTIE AÏCHA EST INTACTE !","🌙 18H30 : LES PORTES D'ADJAMÉ SE FERMENT, LA TRÉSORERIE DE TANTIE AÏCHA EST INTACTE !

Quand la cloche sonne la fermeture des grands marchés d'Abidjan, Tantie Aïcha rentre chez elle le cœur léger.
Ses 15 livraisons offertes WAZAP lui ont fait économiser des dizaines de milliers de francs de commissions abusives.

Chaque cliente a reçu son tissu intact, payé par QR Code Universel en 1 seconde.

💎 Profitez-en vous aussi dès demain : envoyez « COLIS » au 05 44 05 19 72 sur WhatsApp ou cliquez 👉 https://wa.me/2250544051972?text=COLIS

#Wazap #CommerceAbidjan #BoutiqueCIV #Adjame #Cocody #Yopougon #PromoAbidjan #Team225","✨ Que feriez-vous de 30 000 F de marge supplémentaire économisés chaque mois sur vos livraisons ?"
"POST_052","J18","2026-10-18","08:00","matin","Facebook Feed & Story | Instagram Feed & Story | WhatsApp Statut","Bakary (Livreur Leader Indépendant Marcory)","valeur","marketing/programmation-60jours/visuels/feed/visuel_08_valeur_bakary_feed_square.png","marketing/programmation-60jours/visuels/story/visuel_08_valeur_bakary_story_vertical.png","🛵 LIVREURS D'ABIDJAN : POURQUOI DONNER 25% DE VOTRE SUEUR AUX APPLICATIONS ÉTRANGÈRES ?","🛵 LIVREURS D'ABIDJAN : POURQUOI DONNER 25% DE VOTRE SUEUR AUX APPLICATIONS ÉTRANGÈRES ?

Tu allumes ta moto dès l'aube. Tu affrontes la chaleur, la pluie et les embouteillages d'Abidjan.
Pourquoi accepter qu'une plateforme te prélève des commissions abusives sur chaque course ?

Sur WAZAP, ta dignité est respectée :
💰 0% commission : 100% du prix de la course reste dans TA poche.
🛡️ Zéro cash marchandise à transporter : le client paie par QR code, zéro risque d'agression ou d'accusation de vol.
📱 Grand Défi Trimestriel : 50 smartphones Xiaomi Redmi 15C neufs offerts aux motards réguliers !
Tout fonctionne sur WhatsApp sans application qui décharge ta batterie.

🔥 Rejoins la flotte des livreurs respectés : envoie « DISPO » par WhatsApp au 05 44 05 19 72 ou touche 👉 https://wa.me/2250544051972?text=DISPO

#Wazap #LivreurAbidjan #CoursierCIV #DigniteMotard #ZeroCommission #Redmi15C #Team225","💪 Combien de courses fais-tu par jour en moyenne à moto à Abidjan ? Dis-le en commentaire !"
"POST_053","J18","2026-10-18","12:30","midi","Facebook Feed & Story | Instagram Feed & Story | WhatsApp Statut","Bakary (Livreur Leader Indépendant Marcory)","valeur","marketing/programmation-60jours/visuels/feed/visuel_08_valeur_bakary_feed_square.png","marketing/programmation-60jours/visuels/story/visuel_08_valeur_bakary_story_vertical.png","🛵 LIVREURS INDÉPENDANTS : 4 COURSES BOUCLÉES CE MIDI = 100% DE L'ARGENT DANS TA POCHE !","🛵 LIVREURS INDÉPENDANTS : 4 COURSES BOUCLÉES CE MIDI = 100% DE L'ARGENT DANS TA POCHE !

Bakary a roulé toute la matinée entre Marcory, Treichville et Koumassi.
Sur d'autres plateformes, l'application lui aurait déjà prélevé 2 500 F sur ses gains.

Sur WAZAP, 0 FCFA de commission ! Tout ce qu'il a gagné est pour lui et sa moto.
Et en plus, Bakary cumule des points pour le grand tirage trimestriel des 50 smartphones Xiaomi Redmi 15C neufs !

🔥 Rejoins Bakary et gagne dignement ta vie : envoie « DISPO » sur WhatsApp au 05 44 05 19 72 ou touche 👉 https://wa.me/2250544051972?text=DISPO

#Wazap #LivreurAbidjan #CoursierCIV #DigniteMotard #ZeroCommission #Redmi15C #Team225","💪 Combien de courses as-tu déjà bouclées aujourd'hui sur les routes d'Abidjan ?"
"POST_054","J18","2026-10-18","18:30","soir","Facebook Feed & Story | Instagram Feed & Story | WhatsApp Statut","Bakary (Livreur Leader Indépendant Marcory)","valeur","marketing/programmation-60jours/visuels/feed/visuel_08_valeur_bakary_feed_square.png","marketing/programmation-60jours/visuels/story/visuel_08_valeur_bakary_story_vertical.png","🌙 18H30 : FIN DE JOURNÉE POUR LE LIVREUR WAZAP — ZÉRO DETTE DE COMMISSION ENVERS QUICONQUE !","🌙 18H30 : FIN DE JOURNÉE POUR LE LIVREUR WAZAP — ZÉRO DETTE DE COMMISSION ENVERS QUICONQUE !

Tu rentres chez toi à Marcory après une journée intense sur le bitume.
Tu n'as aucune commission à reverser en fin de semaine, aucun compte qui risque d'être bloqué arbitrairement.

Tu es libre, indépendant et respecté. Tu tapes « INDISPO » sur WhatsApp et tu profites de ta soirée en famille.

🛵 Sois ton propre patron : envoie « DISPO » sur WhatsApp au 05 44 05 19 72 ou clique 👉 https://wa.me/2250544051972?text=DISPO

#Wazap #LivreurAbidjan #CoursierCIV #DigniteMotard #ZeroCommission #Redmi15C #Team225","🤝 Quel est pour toi le plus bel avantage d'être un livreur indépendant à Abidjan ?"
"POST_055","J19","2026-10-19","08:00","matin","Facebook Feed & Story | Instagram Feed & Story | WhatsApp Statut","Koffi (Livreur Certifié Riviera)","valeur","marketing/programmation-60jours/visuels/feed/visuel_09_valeur_koffi_feed_square.png","marketing/programmation-60jours/visuels/story/visuel_09_valeur_koffi_story_vertical.png","🛑 STOP AUX COURSES À 450 FCFA ! SUR WAZAP, C'EST 1 000 FCFA NET MINIMUM PAR COURSE.","🛑 STOP AUX COURSES À 450 FCFA ! SUR WAZAP, C'EST 1 000 FCFA NET MINIMUM PAR COURSE.

Fini de rouler à perte pour des clopinettes qui ne paient même pas le carburant et l'usure de tes pneus.

Sur WAZAP, la grille tarifaire est claire, juste et transparente :
✅ 1 000 FCFA net minimum garanti dans la même commune, même pour 400 mètres.
✅ 1 500 FCFA pour une commune voisine.
✅ 2 000 FCFA pour les longues distances et traversées de ponts.
✅ Paiement direct à la livraison, sans retenue de flotte arbitraire.
Sois ton propre patron en toute liberté !

🛵 Inscris-toi en 2 minutes : envoie « DISPO » sur WhatsApp au 05 44 05 19 72 ou clique 👉 https://wa.me/2250544051972?text=DISPO

#Wazap #LivreursAbidjan #TarifJuste #DigniteMotard #Riviera #Cocody #Team225","🤝 Quel est pour vous le tarif minimum décent pour une course de livraison à Abidjan ? Donnez votre avis !"
"POST_056","J19","2026-10-19","12:30","midi","Facebook Feed & Story | Instagram Feed & Story | WhatsApp Statut","Koffi (Livreur Certifié Riviera)","valeur","marketing/programmation-60jours/visuels/feed/visuel_09_valeur_koffi_feed_square.png","marketing/programmation-60jours/visuels/story/visuel_09_valeur_koffi_story_vertical.png","🎯 DIGNITÉ DU COURSIER : 1 000 FCFA MINIMUM NET GARANTI DÈS LE PREMIER MÈTRE !","🎯 DIGNITÉ DU COURSIER : 1 000 FCFA MINIMUM NET GARANTI DÈS LE PREMIER MÈTRE !

À midi, les propositions de courses tombent. Pas question pour Koffi d'accepter une course à 400 ou 500 FCFA qui ne paie même pas un litre d'essence !

Sur WAZAP, le plancher minimum est gravé dans le marbre :
1 000 FCFA net dans la même commune.
1 500 FCFA commune voisine.
2 000 FCFA longue distance / traversée de pont.
Le travail d'un motard a une vraie valeur et WAZAP le fait respecter !

🛵 Roule pour des tarifs qui te respectent : envoie « DISPO » sur WhatsApp au 05 44 05 19 72 ou tape 👉 https://wa.me/2250544051972?text=DISPO

#Wazap #LivreursAbidjan #TarifJuste #DigniteMotard #Riviera #Cocody #Team225","🎯 As-tu déjà refusé une course parce que le prix proposé était insultant ? Dis-nous !"
"POST_057","J19","2026-10-19","18:30","soir","Facebook Feed & Story | Instagram Feed & Story | WhatsApp Statut","Koffi (Livreur Certifié Riviera)","valeur","marketing/programmation-60jours/visuels/feed/visuel_09_valeur_koffi_feed_square.png","marketing/programmation-60jours/visuels/story/visuel_09_valeur_koffi_story_vertical.png","🌙 18H30 : LE BILAN DE KOFFI — DES COURSES JUSTES, UN RESPECT TOTAL ET DE LA FIERTÉ.","🌙 18H30 : LE BILAN DE KOFFI — DES COURSES JUSTES, UN RESPECT TOTAL ET DE LA FIERTÉ.

Koffi range sa moto à la Riviera. Il a fait ses courses pour des commerçants de son quartier qui le connaissent et l'apprécient.

Pas de manipulation d'espèces dangereuse sur lui pendant les trajets de nuit : les clients ont payé par QR Code Universel.
Koffi rentre en sécurité avec son salaire net intact.

🛵 Fais partie de la flotte respectée : envoie « DISPO » au 05 44 05 19 72 sur WhatsApp ou clique 👉 https://wa.me/2250544051972?text=DISPO

#Wazap #LivreursAbidjan #TarifJuste #DigniteMotard #Riviera #Cocody #Team225","✨ Quelle est ta commune de prédilection pour rouler tranquillement le soir à Abidjan ?"
"POST_058","J20","2026-10-20","08:00","matin","Facebook Feed & Story | Instagram Feed & Story | WhatsApp Statut","Le Match Comparatif (Ancienne Méthode vs Révolution WAZAP)","valeur","marketing/programmation-60jours/visuels/feed/visuel_10_duel_comparatif_feed_square.png","marketing/programmation-60jours/visuels/story/visuel_10_duel_comparatif_story_vertical.png","⚖️ LE COMPARATIF SANS FILTRE : COMMENT LIVREZ-VOUS VOS CLIENTS EN 2026 À ABIDJAN ?","⚖️ LE COMPARATIF SANS FILTRE : COMMENT LIVREZ-VOUS VOS CLIENTS EN 2026 À ABIDJAN ?

❌ L'ANCIENNE MÉTHODE :
- 45 minutes pour trouver un motard disponible.
- Livreur qui disparaît avec la marchandise ou la recette cash.
- Zéro recours ni assurance en cas de colis écrasé.
- 20% à 30% de commission perdus sur vos ventes.

🟢 LA RÉVOLUTION WAZAP :
- Un coursier assigné en moins de 3 minutes chrono.
- Zéro cash sur la marchandise : encaissement direct par QR Code Universel.
- Assurance Colis Sûr protégeant chaque envoi.
- 0% commission et 15 livraisons offertes pour tester !

👉 Le choix du bon sens : envoyez « COLIS » sur WhatsApp au 05 44 05 19 72 ou touchez 👉 https://wa.me/2250544051972?text=COLIS

#Wazap #LivraisonAbidjan #EcommerceCIV #VenteEnLigneCIV #Team225 #AbidjanInnovation #Cocody #Marcory","🎯 Prêt à moderniser vos livraisons pour les 60 prochains jours ? Tapez OUI en commentaire !"
"POST_059","J20","2026-10-20","12:30","midi","Facebook Feed & Story | Instagram Feed & Story | WhatsApp Statut","Le Match Comparatif (Ancienne Méthode vs Révolution WAZAP)","valeur","marketing/programmation-60jours/visuels/feed/visuel_10_duel_comparatif_feed_square.png","marketing/programmation-60jours/visuels/story/visuel_10_duel_comparatif_story_vertical.png","⚖️ MATCH DE MIDI : 45 MIN À CHERCHER UN MOTARD VS UN COURSIER EN 3 MIN AVEC WAZAP !","⚖️ MATCH DE MIDI : 45 MIN À CHERCHER UN MOTARD VS UN COURSIER EN 3 MIN AVEC WAZAP !

Il est 12h30. Deux boutiques voisines reçoivent une commande urgente.
Boutique A : envoie des messages dans 8 groupes WhatsApp, attend, relance, le client s'énerve.
Boutique B (WAZAP) : tape COLIS sur WhatsApp, un livreur certifié accepte en 2 min 40 s, la commande est déjà en route.

Le résultat ? Boutique B fidélise son client pendant que Boutique A perd sa vente.

👉 Passez dans le camp des gagnants : envoyez « COLIS » au 05 44 05 19 72 sur WhatsApp ou cliquez 👉 https://wa.me/2250544051972?text=COLIS

#Wazap #LivraisonAbidjan #EcommerceCIV #VenteEnLigneCIV #Team225 #AbidjanInnovation #Cocody #Marcory","⏱️ Dans quel camp préférez-vous être pour vos livraisons de ce midi ?"
"POST_060","J20","2026-10-20","18:30","soir","Facebook Feed & Story | Instagram Feed & Story | WhatsApp Statut","Le Match Comparatif (Ancienne Méthode vs Révolution WAZAP)","valeur","marketing/programmation-60jours/visuels/feed/visuel_10_duel_comparatif_feed_square.png","marketing/programmation-60jours/visuels/story/visuel_10_duel_comparatif_story_vertical.png","🌙 18H30 : LE MATCH EST PLIÉ — REGARDEZ LE BILAN DE VOTRE JOURNÉE DE COMMERCE !","🌙 18H30 : LE MATCH EST PLIÉ — REGARDEZ LE BILAN DE VOTRE JOURNÉE DE COMMERCE !

❌ ANCIENNE MÉTHODE :
- Vous avez passé 2 heures au téléphone à traquer des livreurs.
- Vous avez tremblé jusqu'au retour de vos recettes.
- Vous avez perdu 25% de marge en commissions.

🟢 MÉTHODE WAZAP :
- Livreur assigné en 3 minutes chrono.
- Zéro manipulation d'espèces sur la marchandise.
- 15 courses gratuites et 100% de vos marges conservées.

Le choix du bon sens est fait.

🎯 Adoptez la révolution WAZAP dès demain : envoyez « COLIS » sur WhatsApp au 05 44 05 19 72 ou tapez 👉 https://wa.me/2250544051972?text=COLIS

#Wazap #LivraisonAbidjan #EcommerceCIV #VenteEnLigneCIV #Team225 #AbidjanInnovation #Cocody #Marcory","🥊 Quel est le point qui vous soulage le plus dans la méthode WAZAP ? Dites-le nous en commentaire !"
"POST_061","J21","2026-10-21","08:00","matin","Facebook Feed & Story | Instagram Feed & Story | WhatsApp Statut","Awa (Bijouterie & Mode Deux-Plateaux)","securite","marketing/programmation-60jours/visuels/feed/visuel_01_securite_awa_feed_square.png","marketing/programmation-60jours/visuels/story/visuel_01_securite_awa_story_vertical.png","🚨 WAZAP.CI - FINI LES LIVREURS QUI DISPARAISSENT AVEC VOTRE ARGENT !","🚨 WAZAP.CI - FINI LES LIVREURS QUI DISPARAISSENT AVEC VOTRE ARGENT !

Chaque matin à Abidjan, c'est la même angoisse : confier des bijoux ou des marchandises de valeur à un coursier inconnu et prier pour qu'il ne disparaisse pas avec votre recette !

Sur WAZAP, la règle est limpide et inviolable : ZÉRO CASH SUR LA MARCHANDISE.
À la livraison, votre client scanne simplement le QR Code Universel WAZAP (Wave, Orange Money, MTN, Moov, Carte bancaire). L'argent arrive instantanément sur VOTRE compte avant même que le coursier ne reparte.

🛡️ Livreurs vérifiés CNI par IA Google Cloud Vision
📍 Géolocalisation live sur la carte en temps réel
🎁 15 premières livraisons offertes sans commission WAZAP !

👉 Prêt à expédier en toute sérénité ? Envoyez « COLIS » sur WhatsApp au 05 44 05 19 72 ou touchez le lien direct : https://wa.me/2250544051972?text=COLIS

#Wazap #LivraisonAbidjan #EcommerceCIV #VenteEnLigneCIV #Team225 #AbidjanBusiness #Cocody #Marcory #Yopougon #Plateau","💬 Avez-vous déjà été victime d'un livreur qui a disparu avec votre recette de marchandise à Abidjan ? Partagez votre expérience en commentaire."
"POST_062","J21","2026-10-21","12:30","midi","Facebook Feed & Story | Instagram Feed & Story | WhatsApp Statut","Awa (Bijouterie & Mode Deux-Plateaux)","securite","marketing/programmation-60jours/visuels/feed/visuel_01_securite_awa_feed_square.png","marketing/programmation-60jours/visuels/story/visuel_01_securite_awa_story_vertical.png","⚡ BIJOUTERIE & ARTICLES DE VALEUR À MIDI : ZÉRO CASH MANIPULÉ, ZÉRO RISQUE !","⚡ BIJOUTERIE & ARTICLES DE VALEUR À MIDI : ZÉRO CASH MANIPULÉ, ZÉRO RISQUE !

Pause déjeuner à Abidjan : une cliente au Plateau commande un collier ou une montre de valeur.
Comment la livrer en toute sécurité sans craindre qu'un coursier parte avec l'argent ?

Sur WAZAP, la règle est mathématique : ZÉRO CASH SUR LA MARCHANDISE.
Le client scanne le QR Code Universel WAZAP (Wave, Orange Money, MTN, Moov, Carte bancaire).
L'argent entre directement sur le compte d'Awa avant même la remise du paquet.

🛡️ Coursiers vérifiés avec CNI par IA Google Cloud Vision
📍 Trajet surveillé en temps réel par GPS
🎁 15 premières livraisons offertes sans commission !

👉 Expédiez vos créations précieuses en toute sécurité : envoyez « COLIS » au 05 44 05 19 72 sur WhatsApp ou cliquez 👉 https://wa.me/2250544051972?text=COLIS

#Wazap #LivraisonAbidjan #EcommerceCIV #VenteEnLigneCIV #Team225 #AbidjanBusiness #Cocody #Marcory #Yopougon #Plateau","💎 Confieriez-vous un bijou de 50 000 F à un livreur inconnu sans garantie ? Donnez votre avis !"
"POST_063","J21","2026-10-21","18:30","soir","Facebook Feed & Story | Instagram Feed & Story | WhatsApp Statut","Awa (Bijouterie & Mode Deux-Plateaux)","securite","marketing/programmation-60jours/visuels/feed/visuel_01_securite_awa_feed_square.png","marketing/programmation-60jours/visuels/story/visuel_01_securite_awa_story_vertical.png","🌙 18H30 À ABIDJAN : FERMEZ VOTRE BOUTIQUE L'ESPRIT SEREIN, 100% DE VOS RECETTES EN COMPTE !","🌙 18H30 À ABIDJAN : FERMEZ VOTRE BOUTIQUE L'ESPRIT SEREIN, 100% DE VOS RECETTES EN COMPTE !

Fini d'attendre 20h dans l'angoisse qu'un livreur revienne verser vos recettes de la journée.
Avec WAZAP, chaque vente est encaissée à la seconde même de la livraison par QR Code Universel.

Vous clôturez vos comptes en 1 coup d'œil sur votre téléphone, votre trésorerie est sécurisée, et l'Assurance Colis Sûr protège chaque expédition.
C'est la tranquillité d'esprit que mérite tout commerçant ivoirien.

📦 Rejoignez les commerçants sereins : envoyez « COLIS » sur WhatsApp au 05 44 05 19 72 ou touchez 👉 https://wa.me/2250544051972?text=COLIS

#Wazap #LivraisonAbidjan #EcommerceCIV #VenteEnLigneCIV #Team225 #AbidjanBusiness #Cocody #Marcory #Yopougon #Plateau","✨ À quelle heure clôturez-vous habituellement vos comptes de livraison le soir ? Partagez vos réalités d'entrepreneur !"
"POST_064","J22","2026-10-22","08:00","matin","Facebook Feed & Story | Instagram Feed & Story | WhatsApp Statut","Fatou (Pâtisserie & Traiteur Yopougon)","securite","marketing/programmation-60jours/visuels/feed/visuel_02_securite_fatou_feed_square.png","marketing/programmation-60jours/visuels/story/visuel_02_securite_fatou_story_vertical.png","🎂 PÂTISSIÈRES & TRAITEURS D'ABIDJAN : FINI LES GÂTEAUX ÉCRASÉS ET LES REPAS RENVERSÉS !","🎂 PÂTISSIÈRES & TRAITEURS D'ABIDJAN : FINI LES GÂTEAUX ÉCRASÉS ET LES REPAS RENVERSÉS !

Combien d'heures passez-vous à peaufiner un gâteau d'anniversaire pour le voir ruiné au fond d'un sac de moto inadapté ?

Avec WAZAP, vos livraisons délicates sont protégées :
🔒 Assurance Colis Sûr : votre marchandise est couverte et remboursée en cas de dommage.
🛵 Coursiers formés au maintien horizontal des plateaux.
💳 Zéro cash marchandise : le client règle le montant exact au franc près par QR Code Universel (Wave, OM, MTN). Aucun risque de faux billet ou de vol !

📲 Pour expédier vos créations en toute confiance : envoyez « COLIS » sur WhatsApp au 05 44 05 19 72 ou touchez 👉 https://wa.me/2250544051972?text=COLIS (15 courses offertes sans commission).

#Wazap #PatisserieAbidjan #GateauAbidjan #TraiteurCIV #Yopougon #Cocody #Team225","🧁 Quel a été votre pire accident de livraison sur un gâteau ou un plat à Abidjan ? Dites-le nous en commentaire !"
"POST_065","J22","2026-10-22","12:30","midi","Facebook Feed & Story | Instagram Feed & Story | WhatsApp Statut","Fatou (Pâtisserie & Traiteur Yopougon)","securite","marketing/programmation-60jours/visuels/feed/visuel_02_securite_fatou_feed_square.png","marketing/programmation-60jours/visuels/story/visuel_02_securite_fatou_story_vertical.png","🎂 RUSH DE MIDI : GÂTEAUX D'ANNIVERSAIRE LIVRÉS AU BUREAU SANS UNE SEULE ÉGRATIGNURE !","🎂 RUSH DE MIDI : GÂTEAUX D'ANNIVERSAIRE LIVRÉS AU BUREAU SANS UNE SEULE ÉGRATIGNURE !

À 13h, la fête d'anniversaire surprise commence au bureau. Si le gâteau arrive incliné ou la crème écrasée, c'est la réputation de Fatou qui est en jeu !

Avec WAZAP Colis Sûr :
🛵 Coursiers formés au transport horizontal délicat.
🔒 Assurance Colis Sûr garantissant le remboursement en cas d'accident.
💳 Le collègue qui réceptionne scanne le QR code Wave / Orange / MTN au franc près !

📲 Vos douceurs méritent les meilleurs égards : envoyez « COLIS » sur WhatsApp au 05 44 05 19 72 ou touchez 👉 https://wa.me/2250544051972?text=COLIS

#Wazap #PatisserieAbidjan #GateauAbidjan #TraiteurCIV #Yopougon #Cocody #Team225","🧁 Avez-vous déjà vu un gâteau arriver complètement renversé par un livreur pressé ? Racontez-nous !"
"POST_066","J22","2026-10-22","18:30","soir","Facebook Feed & Story | Instagram Feed & Story | WhatsApp Statut","Fatou (Pâtisserie & Traiteur Yopougon)","securite","marketing/programmation-60jours/visuels/feed/visuel_02_securite_fatou_feed_square.png","marketing/programmation-60jours/visuels/story/visuel_02_securite_fatou_story_vertical.png","🌙 18H30 : TOUS LES BUFFETS DU JOUR LIVRÉS IMPECCABLES & ENCAISSÉS AU DERNIER CENTIME !","🌙 18H30 : TOUS LES BUFFETS DU JOUR LIVRÉS IMPECCABLES & ENCAISSÉS AU DERNIER CENTIME !

Après une journée passée devant les fourneaux à pétrir et décorer, Fatou souffle enfin.
Tous ses gâteaux et plateaux traiteurs du jour sont arrivés intacts chez les clients.

Zéro palabre de fausse monnaie, zéro livreur injoignable dans la nuit : l'argent de chaque commande a été versé directement par QR Code Universel dès la porte franchie.

🍰 Pour des livraisons gourmandes 100% sereines : envoyez « COLIS » au 05 44 05 19 72 sur WhatsApp ou cliquez 👉 https://wa.me/2250544051972?text=COLIS

#Wazap #PatisserieAbidjan #GateauAbidjan #TraiteurCIV #Yopougon #Cocody #Team225","❤️ Quelle est la commande la plus délicate que vous ayez eu à livrer jusqu'à présent ?"
"POST_067","J23","2026-10-23","08:00","matin","Facebook Feed & Story | Instagram Feed & Story | WhatsApp Statut","Clarisse (Cosmétiques & Parfums Koumassi)","securite","marketing/programmation-60jours/visuels/feed/visuel_03_securite_clarisse_feed_square.png","marketing/programmation-60jours/visuels/story/visuel_03_securite_clarisse_story_vertical.png","🌧️ IL PLEUT À VERSE SUR ABIDJAN ET VOTRE COURSIER NE RÉPOND PLUS AU TÉLÉPHONE ?","🌧️ IL PLEUT À VERSE SUR ABIDJAN ET VOTRE COURSIER NE RÉPOND PLUS AU TÉLÉPHONE ?

À Abidjan, la moindre averse paralyse les livraisons. Vos clientes s'impatientent, vous passez 15 appels sans réponse, et vos crèmes ou parfums risquent d'arriver trempés.

Sur WAZAP, vous gardez le contrôle de bout en bout :
📍 Radar GPS temps réel : vous et votre cliente suivez la moto rue par rue sans avoir à appeler.
🛡️ Sacs de livraison étanches garantis.
💰 Le client scanne et règle en 1 tap à la porte d'entrée par Mobile Money.

📦 Expédiez vos colis beauté sans angoisse : envoyez « COLIS » au 05 44 05 19 72 ou cliquez 👉 https://wa.me/2250544051972?text=COLIS

#Wazap #CosmetiquesCIV #BeauteAbidjan #Koumassi #Marcory #LivraisonPluie #Team225","🌧️ Combien de commandes avez-vous déjà perdues à cause d'une journée de pluie à Abidjan ? Partagez vos réalités !"
"POST_068","J23","2026-10-23","12:30","midi","Facebook Feed & Story | Instagram Feed & Story | WhatsApp Statut","Clarisse (Cosmétiques & Parfums Koumassi)","securite","marketing/programmation-60jours/visuels/feed/visuel_03_securite_clarisse_feed_square.png","marketing/programmation-60jours/visuels/story/visuel_03_securite_clarisse_story_vertical.png","💄 COMMANDES BEAUTÉ EXPRESS ENTRE MIDI ET DEUX : VOS CLIENTES LIVRÉES À LA PAUSE DÉJEUNER !","💄 COMMANDES BEAUTÉ EXPRESS ENTRE MIDI ET DEUX : VOS CLIENTES LIVRÉES À LA PAUSE DÉJEUNER !

Vos clientes au travail profitent de la pause déjeuner pour recevoir leurs crèmes, sérums et parfums.
Pas question de les faire attendre 45 minutes sur le trottoir !

Sur WAZAP, la cliente suit la moto en temps réel sur la carte interactive.
À l'arrivée, scan instantané du QR Code WAZAP (Wave, OM, MTN) en 5 secondes chrono.
Elle retourne au bureau à l'heure, ravie et parfumée !

🌸 Vos produits méritent un service rapide et élégant : envoyez « COLIS » sur WhatsApp au 05 44 05 19 72 ou tapez 👉 https://wa.me/2250544051972?text=COLIS

#Wazap #CosmetiquesCIV #BeauteAbidjan #Koumassi #Marcory #LivraisonPluie #Team225","💄 Vos clientes commandent-elles plutôt des soins du visage ou des parfums pour les livraisons de midi ?"
"POST_069","J23","2026-10-23","18:30","soir","Facebook Feed & Story | Instagram Feed & Story | WhatsApp Statut","Clarisse (Cosmétiques & Parfums Koumassi)","securite","marketing/programmation-60jours/visuels/feed/visuel_03_securite_clarisse_feed_square.png","marketing/programmation-60jours/visuels/story/visuel_03_securite_clarisse_story_vertical.png","🌧️ MÊME SOUS L'ORAGE DU SOIR À ABIDJAN : VOS PARFUMS ARRIVENT AU SEC DANS DES SACS SCELLÉS !","🌧️ MÊME SOUS L'ORAGE DU SOIR À ABIDJAN : VOS PARFUMS ARRIVENT AU SEC DANS DES SACS SCELLÉS !

Quand la pluie torrentielle tombe sur le boulevard de Koumassi à 18h, la plupart des livreurs éteignent leur téléphone et s'abritent sous les ponts.

Les livreurs partenaires WAZAP sont équipés de sacs étanches Colis Sûr.
Le radar GPS continue d'émettre en direct. Vous savez exactement où se trouve votre colis, et votre cliente est rassurée.

📦 Expédiez par tous les temps : envoyez « COLIS » au 05 44 05 19 72 sur WhatsApp ou touchez 👉 https://wa.me/2250544051972?text=COLIS

#Wazap #CosmetiquesCIV #BeauteAbidjan #Koumassi #Marcory #LivraisonPluie #Team225","🌧️ Quels aménagements faites-vous pour protéger vos colis quand la météo s'emballe à Abidjan ?"
"POST_070","J24","2026-10-24","08:00","matin","Facebook Feed & Story | Instagram Feed & Story | WhatsApp Statut","Salimata (Styliste Mode & Ateliers Couture Angré)","rapidite","marketing/programmation-60jours/visuels/feed/visuel_04_rapidite_salimata_feed_square.png","marketing/programmation-60jours/visuels/story/visuel_04_rapidite_salimata_story_vertical.png","⚡ CLIENTE PRESSÉE POUR UNE SOIRÉE ? NE PERDEZ PLUS 45 MINUTES À CHERCHER UNE MOTO !","⚡ CLIENTE PRESSÉE POUR UNE SOIRÉE ? NE PERDEZ PLUS 45 MINUTES À CHERCHER UNE MOTO !

Votre robe sur-mesure est repassée, prête à partir, mais aucun livreur habituel n'est disponible ?

Sur WAZAP, plus besoin d'écrire dans 5 groupes WhatsApp :
En 3 clics, notre radar alerte les coursiers les plus proches de votre atelier.
En moins de 3 minutes chrono, un coursier certifié accepte et se met en route.

👗 Vos tenues voyagent suspendues et protégées.
💳 Règlement instantané par Mobile Money à l'essayage.

👉 Testez gratuitement dès aujourd'hui : envoyez « COLIS » sur WhatsApp au 05 44 05 19 72 ou tapez 👉 https://wa.me/2250544051972?text=COLIS (15 courses offertes !)

#Wazap #ModeAbidjan #StylisteCIV #Couture225 #Angre #Cocody #Team225","👗 Quel est le délai le plus court qu'un client vous ait déjà demandé pour une livraison urgente ?"
"POST_071","J24","2026-10-24","12:30","midi","Facebook Feed & Story | Instagram Feed & Story | WhatsApp Statut","Salimata (Styliste Mode & Ateliers Couture Angré)","rapidite","marketing/programmation-60jours/visuels/feed/visuel_04_rapidite_salimata_feed_square.png","marketing/programmation-60jours/visuels/story/visuel_04_rapidite_salimata_story_vertical.png","👗 RETOUCHE COUTURE LIVRÉE EN URGENCE AVANT LA SOIRÉE : WAZAP ARRIVE EN 3 MINUTES !","👗 RETOUCHE COUTURE LIVRÉE EN URGENCE AVANT LA SOIRÉE : WAZAP ARRIVE EN 3 MINUTES !

La robe de soirée de votre cliente a reçu sa dernière touche d'aiguille à 12h15.
La cliente en a besoin d'urgence pour son gala ce soir.

Pourquoi passer 15 appels sans réponse ?
Sur WAZAP, 1 tap sur WhatsApp déclenche le radar des 5 livreurs les plus proches d'Angré.
En 3 minutes chrono, la course est prise. La robe voyage sous housse protectrice.

⚡ Pour vos livraisons d'ateliers et de mode : envoyez « COLIS » au 05 44 05 19 72 ou cliquez 👉 https://wa.me/2250544051972?text=COLIS

#Wazap #ModeAbidjan #StylisteCIV #Couture225 #Angre #Cocody #Team225","🧵 Combien de temps mettez-vous en moyenne pour trouver un livreur de confiance pour vos tenues de valeur ?"
"POST_072","J24","2026-10-24","18:30","soir","Facebook Feed & Story | Instagram Feed & Story | WhatsApp Statut","Salimata (Styliste Mode & Ateliers Couture Angré)","rapidite","marketing/programmation-60jours/visuels/feed/visuel_04_rapidite_salimata_feed_square.png","marketing/programmation-60jours/visuels/story/visuel_04_rapidite_salimata_story_vertical.png","🌙 18H30 : LES CRÉATIONS DE SALIMATA BRILLENT SUR LES ÉVÉNEMENTS, ZÉRO STRESS LIVRAISON !","🌙 18H30 : LES CRÉATIONS DE SALIMATA BRILLENT SUR LES ÉVÉNEMENTS, ZÉRO STRESS LIVRAISON !

Pendant que ses clientes défilent et reçoivent des compliments dans leurs robes sur-mesure, Salimata a déjà la confirmation de toutes ses livraisons du jour.

Chaque cliente a scanné le QR Code Universel WAZAP à l'essayage.
Salimata a encaissé sa recette au franc près, sans commission exorbitante prélevée sur sa créativité.

💎 Faites décoller votre atelier de stylisme : envoyez « COLIS » sur WhatsApp au 05 44 05 19 72 ou tapez 👉 https://wa.me/2250544051972?text=COLIS

#Wazap #ModeAbidjan #StylisteCIV #Couture225 #Angre #Cocody #Team225","✨ Quelle a été votre plus belle satisfaction client cette semaine ? Racontez-nous !"
"POST_073","J25","2026-10-25","08:00","matin","Facebook Feed & Story | Instagram Feed & Story | WhatsApp Statut","Chef Momo (Restaurants, Maquis & Grillades Treichville)","rapidite","marketing/programmation-60jours/visuels/feed/visuel_05_rapidite_momo_feed_square.png","marketing/programmation-60jours/visuels/story/visuel_05_rapidite_momo_story_vertical.png","🔥 RUSH DE MIDI À ABIDJAN : VOS GRILLADES LIVRÉES FUMANTES SANS FAIRE ATTENDRE VOS CLIENTS !","🔥 RUSH DE MIDI À ABIDJAN : VOS GRILLADES LIVRÉES FUMANTES SANS FAIRE ATTENDRE VOS CLIENTS !

À l'heure de la pause déjeuner, 10 minutes de retard suffisent pour perdre un client fidèle.

Avec le réseau WAZAP :
🍲 Les livreurs de votre quartier sont pré-positionnés autour de vos fourneaux.
⏱️ Course assignée en un éclair, repas transporté dans des caissons isolés, livré en 20 minutes.
💵 Fini le casse-tête de la monnaie : le client scanne le QR code Wave / Orange / MTN au centime près !

🍗 Doublez vos livraisons de midi dès maintenant : envoyez « COLIS » sur WhatsApp au 05 44 05 19 72 ou touchez 👉 https://wa.me/2250544051972?text=COLIS

#Wazap #RestoAbidjan #Choukouya #FastFoodCIV #Treichville #Plateau #Team225","🍲 Vos clients préfèrent-ils être livrés au bureau à midi ou à la maison le soir ? Donnez votre avis ci-dessous !"
"POST_074","J25","2026-10-25","12:30","midi","Facebook Feed & Story | Instagram Feed & Story | WhatsApp Statut","Chef Momo (Restaurants, Maquis & Grillades Treichville)","rapidite","marketing/programmation-60jours/visuels/feed/visuel_05_rapidite_momo_feed_square.png","marketing/programmation-60jours/visuels/story/visuel_05_rapidite_momo_story_vertical.png","🔥 12H30 : LE FEU CRÉPITE À TREICHVILLE, LES PLATS PARTENT EN 20 MIN FUMANTS ET SAVOUREUX !","🔥 12H30 : LE FEU CRÉPITE À TREICHVILLE, LES PLATS PARTENT EN 20 MIN FUMANTS ET SAVOUREUX !

Choukouya de bœuf, poulet braisé, aloco doré... À midi, les estomacs n'attendent pas !
Un retard de 15 minutes, et c'est un client en colère qui annule sa commande.

Sur WAZAP, nos livreurs de proximité sont pré-positionnés autour de vos fourneaux.
Le repas est emballé dans des caissons isolés et livré en moins de 20 minutes chrono.
Le client paie par QR code au centime près : zéro dispute de monnaie !

🍗 Multipliez vos commandes du déjeuner : envoyez « COLIS » au 05 44 05 19 72 sur WhatsApp ou cliquez 👉 https://wa.me/2250544051972?text=COLIS

#Wazap #RestoAbidjan #Choukouya #FastFoodCIV #Treichville #Plateau #Team225","🍗 Quel est le plat le plus commandé dans votre maquis ou fast-food le midi à Abidjan ?"
"POST_075","J25","2026-10-25","18:30","soir","Facebook Feed & Story | Instagram Feed & Story | WhatsApp Statut","Chef Momo (Restaurants, Maquis & Grillades Treichville)","rapidite","marketing/programmation-60jours/visuels/feed/visuel_05_rapidite_momo_feed_square.png","marketing/programmation-60jours/visuels/story/visuel_05_rapidite_momo_story_vertical.png","🌙 18H30 : LE RUSH DU DÎNER DÉMARRE ! LIVREZ VOS GRILLADES DU SOIR SANS FAUX PAS.","🌙 18H30 : LE RUSH DU DÎNER DÉMARRE ! LIVREZ VOS GRILLADES DU SOIR SANS FAUX PAS.

À la tombée de la nuit, les travailleurs rentrent et commandent leurs dîners.
Avec WAZAP, la flotte de coursiers reste mobilisée jusqu'à la dernière braise.

Chaque plat arrive chaud, la recette est versée immédiatement sur votre compte Mobile Money, et vous clôturez une journée rentable sans jamais manipuler de billets sales.

🔥 Boostez vos livraisons du soir : envoyez « COLIS » sur WhatsApp au 05 44 05 19 72 ou cliquez 👉 https://wa.me/2250544051972?text=COLIS

#Wazap #RestoAbidjan #Choukouya #FastFoodCIV #Treichville #Plateau #Team225","🍻 Jusqu'à quelle heure servez-vous des commandes à emporter le soir ?"
"POST_076","J26","2026-10-26","08:00","matin","Facebook Feed & Story | Instagram Feed & Story | WhatsApp Statut","Amara (Sneakers & Streetwear Marcory)","rapidite","marketing/programmation-60jours/visuels/feed/visuel_06_rapidite_amara_feed_square.png","marketing/programmation-60jours/visuels/story/visuel_06_rapidite_amara_story_vertical.png","💵 « CHEF, JE N'AI PAS LA MONNAIE SUR 10 000 F ! » : FINI CE REFRAIN QUI VOUS FAIT PERDRE DES VENTES !","💵 « CHEF, JE N'AI PAS LA MONNAIE SUR 10 000 F ! » : FINI CE REFRAIN QUI VOUS FAIT PERDRE DES VENTES !

Le livreur arrive à la porte. Le client sort un gros billet de 10 000 F. Le coursier n'a pas la monnaie, il part chercher au carrefour... et perd 30 minutes pendant que le client s'agace.

Sur WAZAP, cette galère est éradiquée :
Le client scanne le QR Code Universel WAZAP et règle le montant exact au franc près depuis son compte Wave, Orange Money ou MTN.

🚫 Zéro manipulation de billets douteux
⚡ Votre recette est virée à la seconde sur votre compte
🛵 Le livreur repart immédiatement pour sa prochaine course.

👟 Modernisez vos encaissements : envoyez « COLIS » sur WhatsApp au 05 44 05 19 72 ou touchez 👉 https://wa.me/2250544051972?text=COLIS

#Wazap #SneakersAbidjan #StreetwearCIV #Marcory #ZeroCash #MobileMoneyCIV #Team225","💵 Quelle est la plus grosse somme de monnaie que vous ayez déjà couru chercher pour un client ? Racontez-nous !"
"POST_077","J26","2026-10-26","12:30","midi","Facebook Feed & Story | Instagram Feed & Story | WhatsApp Statut","Amara (Sneakers & Streetwear Marcory)","rapidite","marketing/programmation-60jours/visuels/feed/visuel_06_rapidite_amara_feed_square.png","marketing/programmation-60jours/visuels/story/visuel_06_rapidite_amara_story_vertical.png","👟 SNEAKERS & STREETWEAR LIVRÉS À MIDI PILE : FINI LES ACHETEURS QUI N'ONT PAS LA MONNAIE !","👟 SNEAKERS & STREETWEAR LIVRÉS À MIDI PILE : FINI LES ACHETEURS QUI N'ONT PAS LA MONNAIE !

Le livreur sonne à Marcory. La paire de Jordan ou de sneakers tendance vaut 28 500 FCFA.
L'acheteur sort 3 billets de 10 000 FCFA. Qui a la monnaie de 1 500 F ? Personne !

Avec WAZAP, l'acheteur scanne le QR code Wave / Orange / MTN et paie exactement 28 500 FCFA en 1 seconde.
Pas de billets égarés, pas d'aller-retour au kiosque, Amara reçoit sa notification bancaire immédiatement.

🚀 Modernisez la livraison de votre shop : envoyez « COLIS » au 05 44 05 19 72 sur WhatsApp ou touchez 👉 https://wa.me/2250544051972?text=COLIS

#Wazap #SneakersAbidjan #StreetwearCIV #Marcory #ZeroCash #MobileMoneyCIV #Team225","👟 Combien de ventes avez-vous déjà failli annuler juste à cause d'un manque de monnaie ?"
"POST_078","J26","2026-10-26","18:30","soir","Facebook Feed & Story | Instagram Feed & Story | WhatsApp Statut","Amara (Sneakers & Streetwear Marcory)","rapidite","marketing/programmation-60jours/visuels/feed/visuel_06_rapidite_amara_feed_square.png","marketing/programmation-60jours/visuels/story/visuel_06_rapidite_amara_story_vertical.png","🌙 18H30 : TOUTES LES PAIRES DE LA JOURNÉE LIVRÉES, TRÉSORERIE 100% AU VERT !","🌙 18H30 : TOUTES LES PAIRES DE LA JOURNÉE LIVRÉES, TRÉSORERIE 100% AU VERT !

La journée de vente se termine pour le streetwear à Abidjan. Les clients ont reçu leurs colis, essayent leurs paires et postent leurs unboxings.

Sur WAZAP, Amara n'a pas un seul franc dans la nature.
Zéro commission cachée, zéro risque de faux billet encaissé à la sauvette.

👟 Rejoignez la nouvelle génération de commerçants : envoyez « COLIS » au 05 44 05 19 72 ou tapez 👉 https://wa.me/2250544051972?text=COLIS

#Wazap #SneakersAbidjan #StreetwearCIV #Marcory #ZeroCash #MobileMoneyCIV #Team225","🔥 Quel modèle de sneakers a été votre plus gros carton de vente ce mois-ci ?"
"POST_079","J27","2026-10-27","08:00","matin","Facebook Feed & Story | Instagram Feed & Story | WhatsApp Statut","Tantie Aïcha (Wax & Boutiques de Quartier Adjamé)","valeur","marketing/programmation-60jours/visuels/feed/visuel_07_valeur_aicha_feed_square.png","marketing/programmation-60jours/visuels/story/visuel_07_valeur_aicha_story_vertical.png","🎁 COMMERÇANTS D'ABIDJAN : ET SI VOS 15 PROCHAINES LIVRAISONS NE VOUS COÛTAIENT STRICTEMENT RIEN EN COMMISSION ?","🎁 COMMERÇANTS D'ABIDJAN : ET SI VOS 15 PROCHAINES LIVRAISONS NE VOUS COÛTAIENT STRICTEMENT RIEN EN COMMISSION ?

Pourquoi continuer à payer des commissions de 20% à 30% ou des abonnements mensuels ruineux pour expédier vos ventes ?

WAZAP offre à chaque boutique d'Abidjan le Pack Digital Boutique :
✅ 15 recherches de livreurs offertes à 0 F de commission WAZAP.
✅ Vous ne payez que le coursier à son tarif direct et équitable (1 000 F à 2 000 F net).
✅ Zéro application lourde à télécharger : tout se pilote directement dans WhatsApp !
Testez notre technologie en conditions réelles sans sortir un franc de votre poche.

🛍️ Activez vos 15 livraisons offertes en 30 secondes : envoyez « COLIS » sur WhatsApp au 05 44 05 19 72 ou cliquez 👉 https://wa.me/2250544051972?text=COLIS

#Wazap #CommerceAbidjan #BoutiqueCIV #Adjame #Cocody #Yopougon #PromoAbidjan #Team225","🎁 Combien de colis expédiez-vous en moyenne par semaine depuis votre boutique ? Répondez ci-dessous !"
"POST_080","J27","2026-10-27","12:30","midi","Facebook Feed & Story | Instagram Feed & Story | WhatsApp Statut","Tantie Aïcha (Wax & Boutiques de Quartier Adjamé)","valeur","marketing/programmation-60jours/visuels/feed/visuel_07_valeur_aicha_feed_square.png","marketing/programmation-60jours/visuels/story/visuel_07_valeur_aicha_story_vertical.png","🎁 COMMERÇANTS DU GRAND MARCHÉ D'ADJAMÉ : EXPÉDIEZ VOS COLIS DE MIDI À 0 F DE COMMISSION !","🎁 COMMERÇANTS DU GRAND MARCHÉ D'ADJAMÉ : EXPÉDIEZ VOS COLIS DE MIDI À 0 F DE COMMISSION !

Tantie Aïcha a préparé 6 complets de wax pour des clientes à Marcory et Yopougon.
Pourquoi donner 2 000 F de commission par colis aux applications intermédiaires ?

Sur WAZAP, le Pack Digital Boutique offre 15 courses sans aucune commission WAZAP.
Le livreur touche son tarif net juste (1 000 F à 2 000 F), et Tantie Aïcha conserve l'intégralité de sa marge commerciale !

🛍️ Réservez votre pack gratuit en 30 secondes : envoyez « COLIS » sur WhatsApp au 05 44 05 19 72 ou touchez 👉 https://wa.me/2250544051972?text=COLIS

#Wazap #CommerceAbidjan #BoutiqueCIV #Adjame #Cocody #Yopougon #PromoAbidjan #Team225","📢 Quel montant moyen dépensez-vous par mois en frais de livraison pour votre boutique ?"
"POST_081","J27","2026-10-27","18:30","soir","Facebook Feed & Story | Instagram Feed & Story | WhatsApp Statut","Tantie Aïcha (Wax & Boutiques de Quartier Adjamé)","valeur","marketing/programmation-60jours/visuels/feed/visuel_07_valeur_aicha_feed_square.png","marketing/programmation-60jours/visuels/story/visuel_07_valeur_aicha_story_vertical.png","🌙 18H30 : LES PORTES D'ADJAMÉ SE FERMENT, LA TRÉSORERIE DE TANTIE AÏCHA EST INTACTE !","🌙 18H30 : LES PORTES D'ADJAMÉ SE FERMENT, LA TRÉSORERIE DE TANTIE AÏCHA EST INTACTE !

Quand la cloche sonne la fermeture des grands marchés d'Abidjan, Tantie Aïcha rentre chez elle le cœur léger.
Ses 15 livraisons offertes WAZAP lui ont fait économiser des dizaines de milliers de francs de commissions abusives.

Chaque cliente a reçu son tissu intact, payé par QR Code Universel en 1 seconde.

💎 Profitez-en vous aussi dès demain : envoyez « COLIS » au 05 44 05 19 72 sur WhatsApp ou cliquez 👉 https://wa.me/2250544051972?text=COLIS

#Wazap #CommerceAbidjan #BoutiqueCIV #Adjame #Cocody #Yopougon #PromoAbidjan #Team225","✨ Que feriez-vous de 30 000 F de marge supplémentaire économisés chaque mois sur vos livraisons ?"
"POST_082","J28","2026-10-28","08:00","matin","Facebook Feed & Story | Instagram Feed & Story | WhatsApp Statut","Bakary (Livreur Leader Indépendant Marcory)","valeur","marketing/programmation-60jours/visuels/feed/visuel_08_valeur_bakary_feed_square.png","marketing/programmation-60jours/visuels/story/visuel_08_valeur_bakary_story_vertical.png","🛵 LIVREURS D'ABIDJAN : POURQUOI DONNER 25% DE VOTRE SUEUR AUX APPLICATIONS ÉTRANGÈRES ?","🛵 LIVREURS D'ABIDJAN : POURQUOI DONNER 25% DE VOTRE SUEUR AUX APPLICATIONS ÉTRANGÈRES ?

Tu allumes ta moto dès l'aube. Tu affrontes la chaleur, la pluie et les embouteillages d'Abidjan.
Pourquoi accepter qu'une plateforme te prélève des commissions abusives sur chaque course ?

Sur WAZAP, ta dignité est respectée :
💰 0% commission : 100% du prix de la course reste dans TA poche.
🛡️ Zéro cash marchandise à transporter : le client paie par QR code, zéro risque d'agression ou d'accusation de vol.
📱 Grand Défi Trimestriel : 50 smartphones Xiaomi Redmi 15C neufs offerts aux motards réguliers !
Tout fonctionne sur WhatsApp sans application qui décharge ta batterie.

🔥 Rejoins la flotte des livreurs respectés : envoie « DISPO » par WhatsApp au 05 44 05 19 72 ou touche 👉 https://wa.me/2250544051972?text=DISPO

#Wazap #LivreurAbidjan #CoursierCIV #DigniteMotard #ZeroCommission #Redmi15C #Team225","💪 Combien de courses fais-tu par jour en moyenne à moto à Abidjan ? Dis-le en commentaire !"
"POST_083","J28","2026-10-28","12:30","midi","Facebook Feed & Story | Instagram Feed & Story | WhatsApp Statut","Bakary (Livreur Leader Indépendant Marcory)","valeur","marketing/programmation-60jours/visuels/feed/visuel_08_valeur_bakary_feed_square.png","marketing/programmation-60jours/visuels/story/visuel_08_valeur_bakary_story_vertical.png","🛵 LIVREURS INDÉPENDANTS : 4 COURSES BOUCLÉES CE MIDI = 100% DE L'ARGENT DANS TA POCHE !","🛵 LIVREURS INDÉPENDANTS : 4 COURSES BOUCLÉES CE MIDI = 100% DE L'ARGENT DANS TA POCHE !

Bakary a roulé toute la matinée entre Marcory, Treichville et Koumassi.
Sur d'autres plateformes, l'application lui aurait déjà prélevé 2 500 F sur ses gains.

Sur WAZAP, 0 FCFA de commission ! Tout ce qu'il a gagné est pour lui et sa moto.
Et en plus, Bakary cumule des points pour le grand tirage trimestriel des 50 smartphones Xiaomi Redmi 15C neufs !

🔥 Rejoins Bakary et gagne dignement ta vie : envoie « DISPO » sur WhatsApp au 05 44 05 19 72 ou touche 👉 https://wa.me/2250544051972?text=DISPO

#Wazap #LivreurAbidjan #CoursierCIV #DigniteMotard #ZeroCommission #Redmi15C #Team225","💪 Combien de courses as-tu déjà bouclées aujourd'hui sur les routes d'Abidjan ?"
"POST_084","J28","2026-10-28","18:30","soir","Facebook Feed & Story | Instagram Feed & Story | WhatsApp Statut","Bakary (Livreur Leader Indépendant Marcory)","valeur","marketing/programmation-60jours/visuels/feed/visuel_08_valeur_bakary_feed_square.png","marketing/programmation-60jours/visuels/story/visuel_08_valeur_bakary_story_vertical.png","🌙 18H30 : FIN DE JOURNÉE POUR LE LIVREUR WAZAP — ZÉRO DETTE DE COMMISSION ENVERS QUICONQUE !","🌙 18H30 : FIN DE JOURNÉE POUR LE LIVREUR WAZAP — ZÉRO DETTE DE COMMISSION ENVERS QUICONQUE !

Tu rentres chez toi à Marcory après une journée intense sur le bitume.
Tu n'as aucune commission à reverser en fin de semaine, aucun compte qui risque d'être bloqué arbitrairement.

Tu es libre, indépendant et respecté. Tu tapes « INDISPO » sur WhatsApp et tu profites de ta soirée en famille.

🛵 Sois ton propre patron : envoie « DISPO » sur WhatsApp au 05 44 05 19 72 ou clique 👉 https://wa.me/2250544051972?text=DISPO

#Wazap #LivreurAbidjan #CoursierCIV #DigniteMotard #ZeroCommission #Redmi15C #Team225","🤝 Quel est pour toi le plus bel avantage d'être un livreur indépendant à Abidjan ?"
"POST_085","J29","2026-10-29","08:00","matin","Facebook Feed & Story | Instagram Feed & Story | WhatsApp Statut","Koffi (Livreur Certifié Riviera)","valeur","marketing/programmation-60jours/visuels/feed/visuel_09_valeur_koffi_feed_square.png","marketing/programmation-60jours/visuels/story/visuel_09_valeur_koffi_story_vertical.png","🛑 STOP AUX COURSES À 450 FCFA ! SUR WAZAP, C'EST 1 000 FCFA NET MINIMUM PAR COURSE.","🛑 STOP AUX COURSES À 450 FCFA ! SUR WAZAP, C'EST 1 000 FCFA NET MINIMUM PAR COURSE.

Fini de rouler à perte pour des clopinettes qui ne paient même pas le carburant et l'usure de tes pneus.

Sur WAZAP, la grille tarifaire est claire, juste et transparente :
✅ 1 000 FCFA net minimum garanti dans la même commune, même pour 400 mètres.
✅ 1 500 FCFA pour une commune voisine.
✅ 2 000 FCFA pour les longues distances et traversées de ponts.
✅ Paiement direct à la livraison, sans retenue de flotte arbitraire.
Sois ton propre patron en toute liberté !

🛵 Inscris-toi en 2 minutes : envoie « DISPO » sur WhatsApp au 05 44 05 19 72 ou clique 👉 https://wa.me/2250544051972?text=DISPO

#Wazap #LivreursAbidjan #TarifJuste #DigniteMotard #Riviera #Cocody #Team225","🤝 Quel est pour vous le tarif minimum décent pour une course de livraison à Abidjan ? Donnez votre avis !"
"POST_086","J29","2026-10-29","12:30","midi","Facebook Feed & Story | Instagram Feed & Story | WhatsApp Statut","Koffi (Livreur Certifié Riviera)","valeur","marketing/programmation-60jours/visuels/feed/visuel_09_valeur_koffi_feed_square.png","marketing/programmation-60jours/visuels/story/visuel_09_valeur_koffi_story_vertical.png","🎯 DIGNITÉ DU COURSIER : 1 000 FCFA MINIMUM NET GARANTI DÈS LE PREMIER MÈTRE !","🎯 DIGNITÉ DU COURSIER : 1 000 FCFA MINIMUM NET GARANTI DÈS LE PREMIER MÈTRE !

À midi, les propositions de courses tombent. Pas question pour Koffi d'accepter une course à 400 ou 500 FCFA qui ne paie même pas un litre d'essence !

Sur WAZAP, le plancher minimum est gravé dans le marbre :
1 000 FCFA net dans la même commune.
1 500 FCFA commune voisine.
2 000 FCFA longue distance / traversée de pont.
Le travail d'un motard a une vraie valeur et WAZAP le fait respecter !

🛵 Roule pour des tarifs qui te respectent : envoie « DISPO » sur WhatsApp au 05 44 05 19 72 ou tape 👉 https://wa.me/2250544051972?text=DISPO

#Wazap #LivreursAbidjan #TarifJuste #DigniteMotard #Riviera #Cocody #Team225","🎯 As-tu déjà refusé une course parce que le prix proposé était insultant ? Dis-nous !"
"POST_087","J29","2026-10-29","18:30","soir","Facebook Feed & Story | Instagram Feed & Story | WhatsApp Statut","Koffi (Livreur Certifié Riviera)","valeur","marketing/programmation-60jours/visuels/feed/visuel_09_valeur_koffi_feed_square.png","marketing/programmation-60jours/visuels/story/visuel_09_valeur_koffi_story_vertical.png","🌙 18H30 : LE BILAN DE KOFFI — DES COURSES JUSTES, UN RESPECT TOTAL ET DE LA FIERTÉ.","🌙 18H30 : LE BILAN DE KOFFI — DES COURSES JUSTES, UN RESPECT TOTAL ET DE LA FIERTÉ.

Koffi range sa moto à la Riviera. Il a fait ses courses pour des commerçants de son quartier qui le connaissent et l'apprécient.

Pas de manipulation d'espèces dangereuse sur lui pendant les trajets de nuit : les clients ont payé par QR Code Universel.
Koffi rentre en sécurité avec son salaire net intact.

🛵 Fais partie de la flotte respectée : envoie « DISPO » au 05 44 05 19 72 sur WhatsApp ou clique 👉 https://wa.me/2250544051972?text=DISPO

#Wazap #LivreursAbidjan #TarifJuste #DigniteMotard #Riviera #Cocody #Team225","✨ Quelle est ta commune de prédilection pour rouler tranquillement le soir à Abidjan ?"
"POST_088","J30","2026-10-30","08:00","matin","Facebook Feed & Story | Instagram Feed & Story | WhatsApp Statut","Le Match Comparatif (Ancienne Méthode vs Révolution WAZAP)","valeur","marketing/programmation-60jours/visuels/feed/visuel_10_duel_comparatif_feed_square.png","marketing/programmation-60jours/visuels/story/visuel_10_duel_comparatif_story_vertical.png","⚖️ LE COMPARATIF SANS FILTRE : COMMENT LIVREZ-VOUS VOS CLIENTS EN 2026 À ABIDJAN ?","⚖️ LE COMPARATIF SANS FILTRE : COMMENT LIVREZ-VOUS VOS CLIENTS EN 2026 À ABIDJAN ?

❌ L'ANCIENNE MÉTHODE :
- 45 minutes pour trouver un motard disponible.
- Livreur qui disparaît avec la marchandise ou la recette cash.
- Zéro recours ni assurance en cas de colis écrasé.
- 20% à 30% de commission perdus sur vos ventes.

🟢 LA RÉVOLUTION WAZAP :
- Un coursier assigné en moins de 3 minutes chrono.
- Zéro cash sur la marchandise : encaissement direct par QR Code Universel.
- Assurance Colis Sûr protégeant chaque envoi.
- 0% commission et 15 livraisons offertes pour tester !

👉 Le choix du bon sens : envoyez « COLIS » sur WhatsApp au 05 44 05 19 72 ou touchez 👉 https://wa.me/2250544051972?text=COLIS

#Wazap #LivraisonAbidjan #EcommerceCIV #VenteEnLigneCIV #Team225 #AbidjanInnovation #Cocody #Marcory","🎯 Prêt à moderniser vos livraisons pour les 60 prochains jours ? Tapez OUI en commentaire !"
"POST_089","J30","2026-10-30","12:30","midi","Facebook Feed & Story | Instagram Feed & Story | WhatsApp Statut","Le Match Comparatif (Ancienne Méthode vs Révolution WAZAP)","valeur","marketing/programmation-60jours/visuels/feed/visuel_10_duel_comparatif_feed_square.png","marketing/programmation-60jours/visuels/story/visuel_10_duel_comparatif_story_vertical.png","⚖️ MATCH DE MIDI : 45 MIN À CHERCHER UN MOTARD VS UN COURSIER EN 3 MIN AVEC WAZAP !","⚖️ MATCH DE MIDI : 45 MIN À CHERCHER UN MOTARD VS UN COURSIER EN 3 MIN AVEC WAZAP !

Il est 12h30. Deux boutiques voisines reçoivent une commande urgente.
Boutique A : envoie des messages dans 8 groupes WhatsApp, attend, relance, le client s'énerve.
Boutique B (WAZAP) : tape COLIS sur WhatsApp, un livreur certifié accepte en 2 min 40 s, la commande est déjà en route.

Le résultat ? Boutique B fidélise son client pendant que Boutique A perd sa vente.

👉 Passez dans le camp des gagnants : envoyez « COLIS » au 05 44 05 19 72 sur WhatsApp ou cliquez 👉 https://wa.me/2250544051972?text=COLIS

#Wazap #LivraisonAbidjan #EcommerceCIV #VenteEnLigneCIV #Team225 #AbidjanInnovation #Cocody #Marcory","⏱️ Dans quel camp préférez-vous être pour vos livraisons de ce midi ?"
"POST_090","J30","2026-10-30","18:30","soir","Facebook Feed & Story | Instagram Feed & Story | WhatsApp Statut","Le Match Comparatif (Ancienne Méthode vs Révolution WAZAP)","valeur","marketing/programmation-60jours/visuels/feed/visuel_10_duel_comparatif_feed_square.png","marketing/programmation-60jours/visuels/story/visuel_10_duel_comparatif_story_vertical.png","🌙 18H30 : LE MATCH EST PLIÉ — REGARDEZ LE BILAN DE VOTRE JOURNÉE DE COMMERCE !","🌙 18H30 : LE MATCH EST PLIÉ — REGARDEZ LE BILAN DE VOTRE JOURNÉE DE COMMERCE !

❌ ANCIENNE MÉTHODE :
- Vous avez passé 2 heures au téléphone à traquer des livreurs.
- Vous avez tremblé jusqu'au retour de vos recettes.
- Vous avez perdu 25% de marge en commissions.

🟢 MÉTHODE WAZAP :
- Livreur assigné en 3 minutes chrono.
- Zéro manipulation d'espèces sur la marchandise.
- 15 courses gratuites et 100% de vos marges conservées.

Le choix du bon sens est fait.

🎯 Adoptez la révolution WAZAP dès demain : envoyez « COLIS » sur WhatsApp au 05 44 05 19 72 ou tapez 👉 https://wa.me/2250544051972?text=COLIS

#Wazap #LivraisonAbidjan #EcommerceCIV #VenteEnLigneCIV #Team225 #AbidjanInnovation #Cocody #Marcory","🥊 Quel est le point qui vous soulage le plus dans la méthode WAZAP ? Dites-le nous en commentaire !"
"POST_091","J31","2026-10-31","08:00","matin","Facebook Feed & Story | Instagram Feed & Story | WhatsApp Statut","Awa (Bijouterie & Mode Deux-Plateaux)","securite","marketing/programmation-60jours/visuels/feed/visuel_01_securite_awa_feed_square.png","marketing/programmation-60jours/visuels/story/visuel_01_securite_awa_story_vertical.png","🚨 WAZAP.CI - FINI LES LIVREURS QUI DISPARAISSENT AVEC VOTRE ARGENT !","🚨 WAZAP.CI - FINI LES LIVREURS QUI DISPARAISSENT AVEC VOTRE ARGENT !

Chaque matin à Abidjan, c'est la même angoisse : confier des bijoux ou des marchandises de valeur à un coursier inconnu et prier pour qu'il ne disparaisse pas avec votre recette !

Sur WAZAP, la règle est limpide et inviolable : ZÉRO CASH SUR LA MARCHANDISE.
À la livraison, votre client scanne simplement le QR Code Universel WAZAP (Wave, Orange Money, MTN, Moov, Carte bancaire). L'argent arrive instantanément sur VOTRE compte avant même que le coursier ne reparte.

🛡️ Livreurs vérifiés CNI par IA Google Cloud Vision
📍 Géolocalisation live sur la carte en temps réel
🎁 15 premières livraisons offertes sans commission WAZAP !

👉 Prêt à expédier en toute sérénité ? Envoyez « COLIS » sur WhatsApp au 05 44 05 19 72 ou touchez le lien direct : https://wa.me/2250544051972?text=COLIS

#Wazap #LivraisonAbidjan #EcommerceCIV #VenteEnLigneCIV #Team225 #AbidjanBusiness #Cocody #Marcory #Yopougon #Plateau","💬 Avez-vous déjà été victime d'un livreur qui a disparu avec votre recette de marchandise à Abidjan ? Partagez votre expérience en commentaire."
"POST_092","J31","2026-10-31","12:30","midi","Facebook Feed & Story | Instagram Feed & Story | WhatsApp Statut","Awa (Bijouterie & Mode Deux-Plateaux)","securite","marketing/programmation-60jours/visuels/feed/visuel_01_securite_awa_feed_square.png","marketing/programmation-60jours/visuels/story/visuel_01_securite_awa_story_vertical.png","⚡ BIJOUTERIE & ARTICLES DE VALEUR À MIDI : ZÉRO CASH MANIPULÉ, ZÉRO RISQUE !","⚡ BIJOUTERIE & ARTICLES DE VALEUR À MIDI : ZÉRO CASH MANIPULÉ, ZÉRO RISQUE !

Pause déjeuner à Abidjan : une cliente au Plateau commande un collier ou une montre de valeur.
Comment la livrer en toute sécurité sans craindre qu'un coursier parte avec l'argent ?

Sur WAZAP, la règle est mathématique : ZÉRO CASH SUR LA MARCHANDISE.
Le client scanne le QR Code Universel WAZAP (Wave, Orange Money, MTN, Moov, Carte bancaire).
L'argent entre directement sur le compte d'Awa avant même la remise du paquet.

🛡️ Coursiers vérifiés avec CNI par IA Google Cloud Vision
📍 Trajet surveillé en temps réel par GPS
🎁 15 premières livraisons offertes sans commission !

👉 Expédiez vos créations précieuses en toute sécurité : envoyez « COLIS » au 05 44 05 19 72 sur WhatsApp ou cliquez 👉 https://wa.me/2250544051972?text=COLIS

#Wazap #LivraisonAbidjan #EcommerceCIV #VenteEnLigneCIV #Team225 #AbidjanBusiness #Cocody #Marcory #Yopougon #Plateau","💎 Confieriez-vous un bijou de 50 000 F à un livreur inconnu sans garantie ? Donnez votre avis !"
"POST_093","J31","2026-10-31","18:30","soir","Facebook Feed & Story | Instagram Feed & Story | WhatsApp Statut","Awa (Bijouterie & Mode Deux-Plateaux)","securite","marketing/programmation-60jours/visuels/feed/visuel_01_securite_awa_feed_square.png","marketing/programmation-60jours/visuels/story/visuel_01_securite_awa_story_vertical.png","🌙 18H30 À ABIDJAN : FERMEZ VOTRE BOUTIQUE L'ESPRIT SEREIN, 100% DE VOS RECETTES EN COMPTE !","🌙 18H30 À ABIDJAN : FERMEZ VOTRE BOUTIQUE L'ESPRIT SEREIN, 100% DE VOS RECETTES EN COMPTE !

Fini d'attendre 20h dans l'angoisse qu'un livreur revienne verser vos recettes de la journée.
Avec WAZAP, chaque vente est encaissée à la seconde même de la livraison par QR Code Universel.

Vous clôturez vos comptes en 1 coup d'œil sur votre téléphone, votre trésorerie est sécurisée, et l'Assurance Colis Sûr protège chaque expédition.
C'est la tranquillité d'esprit que mérite tout commerçant ivoirien.

📦 Rejoignez les commerçants sereins : envoyez « COLIS » sur WhatsApp au 05 44 05 19 72 ou touchez 👉 https://wa.me/2250544051972?text=COLIS

#Wazap #LivraisonAbidjan #EcommerceCIV #VenteEnLigneCIV #Team225 #AbidjanBusiness #Cocody #Marcory #Yopougon #Plateau","✨ À quelle heure clôturez-vous habituellement vos comptes de livraison le soir ? Partagez vos réalités d'entrepreneur !"
"POST_094","J32","2026-11-01","08:00","matin","Facebook Feed & Story | Instagram Feed & Story | WhatsApp Statut","Fatou (Pâtisserie & Traiteur Yopougon)","securite","marketing/programmation-60jours/visuels/feed/visuel_02_securite_fatou_feed_square.png","marketing/programmation-60jours/visuels/story/visuel_02_securite_fatou_story_vertical.png","🎂 PÂTISSIÈRES & TRAITEURS D'ABIDJAN : FINI LES GÂTEAUX ÉCRASÉS ET LES REPAS RENVERSÉS !","🎂 PÂTISSIÈRES & TRAITEURS D'ABIDJAN : FINI LES GÂTEAUX ÉCRASÉS ET LES REPAS RENVERSÉS !

Combien d'heures passez-vous à peaufiner un gâteau d'anniversaire pour le voir ruiné au fond d'un sac de moto inadapté ?

Avec WAZAP, vos livraisons délicates sont protégées :
🔒 Assurance Colis Sûr : votre marchandise est couverte et remboursée en cas de dommage.
🛵 Coursiers formés au maintien horizontal des plateaux.
💳 Zéro cash marchandise : le client règle le montant exact au franc près par QR Code Universel (Wave, OM, MTN). Aucun risque de faux billet ou de vol !

📲 Pour expédier vos créations en toute confiance : envoyez « COLIS » sur WhatsApp au 05 44 05 19 72 ou touchez 👉 https://wa.me/2250544051972?text=COLIS (15 courses offertes sans commission).

#Wazap #PatisserieAbidjan #GateauAbidjan #TraiteurCIV #Yopougon #Cocody #Team225","🧁 Quel a été votre pire accident de livraison sur un gâteau ou un plat à Abidjan ? Dites-le nous en commentaire !"
"POST_095","J32","2026-11-01","12:30","midi","Facebook Feed & Story | Instagram Feed & Story | WhatsApp Statut","Fatou (Pâtisserie & Traiteur Yopougon)","securite","marketing/programmation-60jours/visuels/feed/visuel_02_securite_fatou_feed_square.png","marketing/programmation-60jours/visuels/story/visuel_02_securite_fatou_story_vertical.png","🎂 RUSH DE MIDI : GÂTEAUX D'ANNIVERSAIRE LIVRÉS AU BUREAU SANS UNE SEULE ÉGRATIGNURE !","🎂 RUSH DE MIDI : GÂTEAUX D'ANNIVERSAIRE LIVRÉS AU BUREAU SANS UNE SEULE ÉGRATIGNURE !

À 13h, la fête d'anniversaire surprise commence au bureau. Si le gâteau arrive incliné ou la crème écrasée, c'est la réputation de Fatou qui est en jeu !

Avec WAZAP Colis Sûr :
🛵 Coursiers formés au transport horizontal délicat.
🔒 Assurance Colis Sûr garantissant le remboursement en cas d'accident.
💳 Le collègue qui réceptionne scanne le QR code Wave / Orange / MTN au franc près !

📲 Vos douceurs méritent les meilleurs égards : envoyez « COLIS » sur WhatsApp au 05 44 05 19 72 ou touchez 👉 https://wa.me/2250544051972?text=COLIS

#Wazap #PatisserieAbidjan #GateauAbidjan #TraiteurCIV #Yopougon #Cocody #Team225","🧁 Avez-vous déjà vu un gâteau arriver complètement renversé par un livreur pressé ? Racontez-nous !"
"POST_096","J32","2026-11-01","18:30","soir","Facebook Feed & Story | Instagram Feed & Story | WhatsApp Statut","Fatou (Pâtisserie & Traiteur Yopougon)","securite","marketing/programmation-60jours/visuels/feed/visuel_02_securite_fatou_feed_square.png","marketing/programmation-60jours/visuels/story/visuel_02_securite_fatou_story_vertical.png","🌙 18H30 : TOUS LES BUFFETS DU JOUR LIVRÉS IMPECCABLES & ENCAISSÉS AU DERNIER CENTIME !","🌙 18H30 : TOUS LES BUFFETS DU JOUR LIVRÉS IMPECCABLES & ENCAISSÉS AU DERNIER CENTIME !

Après une journée passée devant les fourneaux à pétrir et décorer, Fatou souffle enfin.
Tous ses gâteaux et plateaux traiteurs du jour sont arrivés intacts chez les clients.

Zéro palabre de fausse monnaie, zéro livreur injoignable dans la nuit : l'argent de chaque commande a été versé directement par QR Code Universel dès la porte franchie.

🍰 Pour des livraisons gourmandes 100% sereines : envoyez « COLIS » au 05 44 05 19 72 sur WhatsApp ou cliquez 👉 https://wa.me/2250544051972?text=COLIS

#Wazap #PatisserieAbidjan #GateauAbidjan #TraiteurCIV #Yopougon #Cocody #Team225","❤️ Quelle est la commande la plus délicate que vous ayez eu à livrer jusqu'à présent ?"
"POST_097","J33","2026-11-02","08:00","matin","Facebook Feed & Story | Instagram Feed & Story | WhatsApp Statut","Clarisse (Cosmétiques & Parfums Koumassi)","securite","marketing/programmation-60jours/visuels/feed/visuel_03_securite_clarisse_feed_square.png","marketing/programmation-60jours/visuels/story/visuel_03_securite_clarisse_story_vertical.png","🌧️ IL PLEUT À VERSE SUR ABIDJAN ET VOTRE COURSIER NE RÉPOND PLUS AU TÉLÉPHONE ?","🌧️ IL PLEUT À VERSE SUR ABIDJAN ET VOTRE COURSIER NE RÉPOND PLUS AU TÉLÉPHONE ?

À Abidjan, la moindre averse paralyse les livraisons. Vos clientes s'impatientent, vous passez 15 appels sans réponse, et vos crèmes ou parfums risquent d'arriver trempés.

Sur WAZAP, vous gardez le contrôle de bout en bout :
📍 Radar GPS temps réel : vous et votre cliente suivez la moto rue par rue sans avoir à appeler.
🛡️ Sacs de livraison étanches garantis.
💰 Le client scanne et règle en 1 tap à la porte d'entrée par Mobile Money.

📦 Expédiez vos colis beauté sans angoisse : envoyez « COLIS » au 05 44 05 19 72 ou cliquez 👉 https://wa.me/2250544051972?text=COLIS

#Wazap #CosmetiquesCIV #BeauteAbidjan #Koumassi #Marcory #LivraisonPluie #Team225","🌧️ Combien de commandes avez-vous déjà perdues à cause d'une journée de pluie à Abidjan ? Partagez vos réalités !"
"POST_098","J33","2026-11-02","12:30","midi","Facebook Feed & Story | Instagram Feed & Story | WhatsApp Statut","Clarisse (Cosmétiques & Parfums Koumassi)","securite","marketing/programmation-60jours/visuels/feed/visuel_03_securite_clarisse_feed_square.png","marketing/programmation-60jours/visuels/story/visuel_03_securite_clarisse_story_vertical.png","💄 COMMANDES BEAUTÉ EXPRESS ENTRE MIDI ET DEUX : VOS CLIENTES LIVRÉES À LA PAUSE DÉJEUNER !","💄 COMMANDES BEAUTÉ EXPRESS ENTRE MIDI ET DEUX : VOS CLIENTES LIVRÉES À LA PAUSE DÉJEUNER !

Vos clientes au travail profitent de la pause déjeuner pour recevoir leurs crèmes, sérums et parfums.
Pas question de les faire attendre 45 minutes sur le trottoir !

Sur WAZAP, la cliente suit la moto en temps réel sur la carte interactive.
À l'arrivée, scan instantané du QR Code WAZAP (Wave, OM, MTN) en 5 secondes chrono.
Elle retourne au bureau à l'heure, ravie et parfumée !

🌸 Vos produits méritent un service rapide et élégant : envoyez « COLIS » sur WhatsApp au 05 44 05 19 72 ou tapez 👉 https://wa.me/2250544051972?text=COLIS

#Wazap #CosmetiquesCIV #BeauteAbidjan #Koumassi #Marcory #LivraisonPluie #Team225","💄 Vos clientes commandent-elles plutôt des soins du visage ou des parfums pour les livraisons de midi ?"
"POST_099","J33","2026-11-02","18:30","soir","Facebook Feed & Story | Instagram Feed & Story | WhatsApp Statut","Clarisse (Cosmétiques & Parfums Koumassi)","securite","marketing/programmation-60jours/visuels/feed/visuel_03_securite_clarisse_feed_square.png","marketing/programmation-60jours/visuels/story/visuel_03_securite_clarisse_story_vertical.png","🌧️ MÊME SOUS L'ORAGE DU SOIR À ABIDJAN : VOS PARFUMS ARRIVENT AU SEC DANS DES SACS SCELLÉS !","🌧️ MÊME SOUS L'ORAGE DU SOIR À ABIDJAN : VOS PARFUMS ARRIVENT AU SEC DANS DES SACS SCELLÉS !

Quand la pluie torrentielle tombe sur le boulevard de Koumassi à 18h, la plupart des livreurs éteignent leur téléphone et s'abritent sous les ponts.

Les livreurs partenaires WAZAP sont équipés de sacs étanches Colis Sûr.
Le radar GPS continue d'émettre en direct. Vous savez exactement où se trouve votre colis, et votre cliente est rassurée.

📦 Expédiez par tous les temps : envoyez « COLIS » au 05 44 05 19 72 sur WhatsApp ou touchez 👉 https://wa.me/2250544051972?text=COLIS

#Wazap #CosmetiquesCIV #BeauteAbidjan #Koumassi #Marcory #LivraisonPluie #Team225","🌧️ Quels aménagements faites-vous pour protéger vos colis quand la météo s'emballe à Abidjan ?"
"POST_100","J34","2026-11-03","08:00","matin","Facebook Feed & Story | Instagram Feed & Story | WhatsApp Statut","Salimata (Styliste Mode & Ateliers Couture Angré)","rapidite","marketing/programmation-60jours/visuels/feed/visuel_04_rapidite_salimata_feed_square.png","marketing/programmation-60jours/visuels/story/visuel_04_rapidite_salimata_story_vertical.png","⚡ CLIENTE PRESSÉE POUR UNE SOIRÉE ? NE PERDEZ PLUS 45 MINUTES À CHERCHER UNE MOTO !","⚡ CLIENTE PRESSÉE POUR UNE SOIRÉE ? NE PERDEZ PLUS 45 MINUTES À CHERCHER UNE MOTO !

Votre robe sur-mesure est repassée, prête à partir, mais aucun livreur habituel n'est disponible ?

Sur WAZAP, plus besoin d'écrire dans 5 groupes WhatsApp :
En 3 clics, notre radar alerte les coursiers les plus proches de votre atelier.
En moins de 3 minutes chrono, un coursier certifié accepte et se met en route.

👗 Vos tenues voyagent suspendues et protégées.
💳 Règlement instantané par Mobile Money à l'essayage.

👉 Testez gratuitement dès aujourd'hui : envoyez « COLIS » sur WhatsApp au 05 44 05 19 72 ou tapez 👉 https://wa.me/2250544051972?text=COLIS (15 courses offertes !)

#Wazap #ModeAbidjan #StylisteCIV #Couture225 #Angre #Cocody #Team225","👗 Quel est le délai le plus court qu'un client vous ait déjà demandé pour une livraison urgente ?"
"POST_101","J34","2026-11-03","12:30","midi","Facebook Feed & Story | Instagram Feed & Story | WhatsApp Statut","Salimata (Styliste Mode & Ateliers Couture Angré)","rapidite","marketing/programmation-60jours/visuels/feed/visuel_04_rapidite_salimata_feed_square.png","marketing/programmation-60jours/visuels/story/visuel_04_rapidite_salimata_story_vertical.png","👗 RETOUCHE COUTURE LIVRÉE EN URGENCE AVANT LA SOIRÉE : WAZAP ARRIVE EN 3 MINUTES !","👗 RETOUCHE COUTURE LIVRÉE EN URGENCE AVANT LA SOIRÉE : WAZAP ARRIVE EN 3 MINUTES !

La robe de soirée de votre cliente a reçu sa dernière touche d'aiguille à 12h15.
La cliente en a besoin d'urgence pour son gala ce soir.

Pourquoi passer 15 appels sans réponse ?
Sur WAZAP, 1 tap sur WhatsApp déclenche le radar des 5 livreurs les plus proches d'Angré.
En 3 minutes chrono, la course est prise. La robe voyage sous housse protectrice.

⚡ Pour vos livraisons d'ateliers et de mode : envoyez « COLIS » au 05 44 05 19 72 ou cliquez 👉 https://wa.me/2250544051972?text=COLIS

#Wazap #ModeAbidjan #StylisteCIV #Couture225 #Angre #Cocody #Team225","🧵 Combien de temps mettez-vous en moyenne pour trouver un livreur de confiance pour vos tenues de valeur ?"
"POST_102","J34","2026-11-03","18:30","soir","Facebook Feed & Story | Instagram Feed & Story | WhatsApp Statut","Salimata (Styliste Mode & Ateliers Couture Angré)","rapidite","marketing/programmation-60jours/visuels/feed/visuel_04_rapidite_salimata_feed_square.png","marketing/programmation-60jours/visuels/story/visuel_04_rapidite_salimata_story_vertical.png","🌙 18H30 : LES CRÉATIONS DE SALIMATA BRILLENT SUR LES ÉVÉNEMENTS, ZÉRO STRESS LIVRAISON !","🌙 18H30 : LES CRÉATIONS DE SALIMATA BRILLENT SUR LES ÉVÉNEMENTS, ZÉRO STRESS LIVRAISON !

Pendant que ses clientes défilent et reçoivent des compliments dans leurs robes sur-mesure, Salimata a déjà la confirmation de toutes ses livraisons du jour.

Chaque cliente a scanné le QR Code Universel WAZAP à l'essayage.
Salimata a encaissé sa recette au franc près, sans commission exorbitante prélevée sur sa créativité.

💎 Faites décoller votre atelier de stylisme : envoyez « COLIS » sur WhatsApp au 05 44 05 19 72 ou tapez 👉 https://wa.me/2250544051972?text=COLIS

#Wazap #ModeAbidjan #StylisteCIV #Couture225 #Angre #Cocody #Team225","✨ Quelle a été votre plus belle satisfaction client cette semaine ? Racontez-nous !"
"POST_103","J35","2026-11-04","08:00","matin","Facebook Feed & Story | Instagram Feed & Story | WhatsApp Statut","Chef Momo (Restaurants, Maquis & Grillades Treichville)","rapidite","marketing/programmation-60jours/visuels/feed/visuel_05_rapidite_momo_feed_square.png","marketing/programmation-60jours/visuels/story/visuel_05_rapidite_momo_story_vertical.png","🔥 RUSH DE MIDI À ABIDJAN : VOS GRILLADES LIVRÉES FUMANTES SANS FAIRE ATTENDRE VOS CLIENTS !","🔥 RUSH DE MIDI À ABIDJAN : VOS GRILLADES LIVRÉES FUMANTES SANS FAIRE ATTENDRE VOS CLIENTS !

À l'heure de la pause déjeuner, 10 minutes de retard suffisent pour perdre un client fidèle.

Avec le réseau WAZAP :
🍲 Les livreurs de votre quartier sont pré-positionnés autour de vos fourneaux.
⏱️ Course assignée en un éclair, repas transporté dans des caissons isolés, livré en 20 minutes.
💵 Fini le casse-tête de la monnaie : le client scanne le QR code Wave / Orange / MTN au centime près !

🍗 Doublez vos livraisons de midi dès maintenant : envoyez « COLIS » sur WhatsApp au 05 44 05 19 72 ou touchez 👉 https://wa.me/2250544051972?text=COLIS

#Wazap #RestoAbidjan #Choukouya #FastFoodCIV #Treichville #Plateau #Team225","🍲 Vos clients préfèrent-ils être livrés au bureau à midi ou à la maison le soir ? Donnez votre avis ci-dessous !"
"POST_104","J35","2026-11-04","12:30","midi","Facebook Feed & Story | Instagram Feed & Story | WhatsApp Statut","Chef Momo (Restaurants, Maquis & Grillades Treichville)","rapidite","marketing/programmation-60jours/visuels/feed/visuel_05_rapidite_momo_feed_square.png","marketing/programmation-60jours/visuels/story/visuel_05_rapidite_momo_story_vertical.png","🔥 12H30 : LE FEU CRÉPITE À TREICHVILLE, LES PLATS PARTENT EN 20 MIN FUMANTS ET SAVOUREUX !","🔥 12H30 : LE FEU CRÉPITE À TREICHVILLE, LES PLATS PARTENT EN 20 MIN FUMANTS ET SAVOUREUX !

Choukouya de bœuf, poulet braisé, aloco doré... À midi, les estomacs n'attendent pas !
Un retard de 15 minutes, et c'est un client en colère qui annule sa commande.

Sur WAZAP, nos livreurs de proximité sont pré-positionnés autour de vos fourneaux.
Le repas est emballé dans des caissons isolés et livré en moins de 20 minutes chrono.
Le client paie par QR code au centime près : zéro dispute de monnaie !

🍗 Multipliez vos commandes du déjeuner : envoyez « COLIS » au 05 44 05 19 72 sur WhatsApp ou cliquez 👉 https://wa.me/2250544051972?text=COLIS

#Wazap #RestoAbidjan #Choukouya #FastFoodCIV #Treichville #Plateau #Team225","🍗 Quel est le plat le plus commandé dans votre maquis ou fast-food le midi à Abidjan ?"
"POST_105","J35","2026-11-04","18:30","soir","Facebook Feed & Story | Instagram Feed & Story | WhatsApp Statut","Chef Momo (Restaurants, Maquis & Grillades Treichville)","rapidite","marketing/programmation-60jours/visuels/feed/visuel_05_rapidite_momo_feed_square.png","marketing/programmation-60jours/visuels/story/visuel_05_rapidite_momo_story_vertical.png","🌙 18H30 : LE RUSH DU DÎNER DÉMARRE ! LIVREZ VOS GRILLADES DU SOIR SANS FAUX PAS.","🌙 18H30 : LE RUSH DU DÎNER DÉMARRE ! LIVREZ VOS GRILLADES DU SOIR SANS FAUX PAS.

À la tombée de la nuit, les travailleurs rentrent et commandent leurs dîners.
Avec WAZAP, la flotte de coursiers reste mobilisée jusqu'à la dernière braise.

Chaque plat arrive chaud, la recette est versée immédiatement sur votre compte Mobile Money, et vous clôturez une journée rentable sans jamais manipuler de billets sales.

🔥 Boostez vos livraisons du soir : envoyez « COLIS » sur WhatsApp au 05 44 05 19 72 ou cliquez 👉 https://wa.me/2250544051972?text=COLIS

#Wazap #RestoAbidjan #Choukouya #FastFoodCIV #Treichville #Plateau #Team225","🍻 Jusqu'à quelle heure servez-vous des commandes à emporter le soir ?"
"POST_106","J36","2026-11-05","08:00","matin","Facebook Feed & Story | Instagram Feed & Story | WhatsApp Statut","Amara (Sneakers & Streetwear Marcory)","rapidite","marketing/programmation-60jours/visuels/feed/visuel_06_rapidite_amara_feed_square.png","marketing/programmation-60jours/visuels/story/visuel_06_rapidite_amara_story_vertical.png","💵 « CHEF, JE N'AI PAS LA MONNAIE SUR 10 000 F ! » : FINI CE REFRAIN QUI VOUS FAIT PERDRE DES VENTES !","💵 « CHEF, JE N'AI PAS LA MONNAIE SUR 10 000 F ! » : FINI CE REFRAIN QUI VOUS FAIT PERDRE DES VENTES !

Le livreur arrive à la porte. Le client sort un gros billet de 10 000 F. Le coursier n'a pas la monnaie, il part chercher au carrefour... et perd 30 minutes pendant que le client s'agace.

Sur WAZAP, cette galère est éradiquée :
Le client scanne le QR Code Universel WAZAP et règle le montant exact au franc près depuis son compte Wave, Orange Money ou MTN.

🚫 Zéro manipulation de billets douteux
⚡ Votre recette est virée à la seconde sur votre compte
🛵 Le livreur repart immédiatement pour sa prochaine course.

👟 Modernisez vos encaissements : envoyez « COLIS » sur WhatsApp au 05 44 05 19 72 ou touchez 👉 https://wa.me/2250544051972?text=COLIS

#Wazap #SneakersAbidjan #StreetwearCIV #Marcory #ZeroCash #MobileMoneyCIV #Team225","💵 Quelle est la plus grosse somme de monnaie que vous ayez déjà couru chercher pour un client ? Racontez-nous !"
"POST_107","J36","2026-11-05","12:30","midi","Facebook Feed & Story | Instagram Feed & Story | WhatsApp Statut","Amara (Sneakers & Streetwear Marcory)","rapidite","marketing/programmation-60jours/visuels/feed/visuel_06_rapidite_amara_feed_square.png","marketing/programmation-60jours/visuels/story/visuel_06_rapidite_amara_story_vertical.png","👟 SNEAKERS & STREETWEAR LIVRÉS À MIDI PILE : FINI LES ACHETEURS QUI N'ONT PAS LA MONNAIE !","👟 SNEAKERS & STREETWEAR LIVRÉS À MIDI PILE : FINI LES ACHETEURS QUI N'ONT PAS LA MONNAIE !

Le livreur sonne à Marcory. La paire de Jordan ou de sneakers tendance vaut 28 500 FCFA.
L'acheteur sort 3 billets de 10 000 FCFA. Qui a la monnaie de 1 500 F ? Personne !

Avec WAZAP, l'acheteur scanne le QR code Wave / Orange / MTN et paie exactement 28 500 FCFA en 1 seconde.
Pas de billets égarés, pas d'aller-retour au kiosque, Amara reçoit sa notification bancaire immédiatement.

🚀 Modernisez la livraison de votre shop : envoyez « COLIS » au 05 44 05 19 72 sur WhatsApp ou touchez 👉 https://wa.me/2250544051972?text=COLIS

#Wazap #SneakersAbidjan #StreetwearCIV #Marcory #ZeroCash #MobileMoneyCIV #Team225","👟 Combien de ventes avez-vous déjà failli annuler juste à cause d'un manque de monnaie ?"
"POST_108","J36","2026-11-05","18:30","soir","Facebook Feed & Story | Instagram Feed & Story | WhatsApp Statut","Amara (Sneakers & Streetwear Marcory)","rapidite","marketing/programmation-60jours/visuels/feed/visuel_06_rapidite_amara_feed_square.png","marketing/programmation-60jours/visuels/story/visuel_06_rapidite_amara_story_vertical.png","🌙 18H30 : TOUTES LES PAIRES DE LA JOURNÉE LIVRÉES, TRÉSORERIE 100% AU VERT !","🌙 18H30 : TOUTES LES PAIRES DE LA JOURNÉE LIVRÉES, TRÉSORERIE 100% AU VERT !

La journée de vente se termine pour le streetwear à Abidjan. Les clients ont reçu leurs colis, essayent leurs paires et postent leurs unboxings.

Sur WAZAP, Amara n'a pas un seul franc dans la nature.
Zéro commission cachée, zéro risque de faux billet encaissé à la sauvette.

👟 Rejoignez la nouvelle génération de commerçants : envoyez « COLIS » au 05 44 05 19 72 ou tapez 👉 https://wa.me/2250544051972?text=COLIS

#Wazap #SneakersAbidjan #StreetwearCIV #Marcory #ZeroCash #MobileMoneyCIV #Team225","🔥 Quel modèle de sneakers a été votre plus gros carton de vente ce mois-ci ?"
"POST_109","J37","2026-11-06","08:00","matin","Facebook Feed & Story | Instagram Feed & Story | WhatsApp Statut","Tantie Aïcha (Wax & Boutiques de Quartier Adjamé)","valeur","marketing/programmation-60jours/visuels/feed/visuel_07_valeur_aicha_feed_square.png","marketing/programmation-60jours/visuels/story/visuel_07_valeur_aicha_story_vertical.png","🎁 COMMERÇANTS D'ABIDJAN : ET SI VOS 15 PROCHAINES LIVRAISONS NE VOUS COÛTAIENT STRICTEMENT RIEN EN COMMISSION ?","🎁 COMMERÇANTS D'ABIDJAN : ET SI VOS 15 PROCHAINES LIVRAISONS NE VOUS COÛTAIENT STRICTEMENT RIEN EN COMMISSION ?

Pourquoi continuer à payer des commissions de 20% à 30% ou des abonnements mensuels ruineux pour expédier vos ventes ?

WAZAP offre à chaque boutique d'Abidjan le Pack Digital Boutique :
✅ 15 recherches de livreurs offertes à 0 F de commission WAZAP.
✅ Vous ne payez que le coursier à son tarif direct et équitable (1 000 F à 2 000 F net).
✅ Zéro application lourde à télécharger : tout se pilote directement dans WhatsApp !
Testez notre technologie en conditions réelles sans sortir un franc de votre poche.

🛍️ Activez vos 15 livraisons offertes en 30 secondes : envoyez « COLIS » sur WhatsApp au 05 44 05 19 72 ou cliquez 👉 https://wa.me/2250544051972?text=COLIS

#Wazap #CommerceAbidjan #BoutiqueCIV #Adjame #Cocody #Yopougon #PromoAbidjan #Team225","🎁 Combien de colis expédiez-vous en moyenne par semaine depuis votre boutique ? Répondez ci-dessous !"
"POST_110","J37","2026-11-06","12:30","midi","Facebook Feed & Story | Instagram Feed & Story | WhatsApp Statut","Tantie Aïcha (Wax & Boutiques de Quartier Adjamé)","valeur","marketing/programmation-60jours/visuels/feed/visuel_07_valeur_aicha_feed_square.png","marketing/programmation-60jours/visuels/story/visuel_07_valeur_aicha_story_vertical.png","🎁 COMMERÇANTS DU GRAND MARCHÉ D'ADJAMÉ : EXPÉDIEZ VOS COLIS DE MIDI À 0 F DE COMMISSION !","🎁 COMMERÇANTS DU GRAND MARCHÉ D'ADJAMÉ : EXPÉDIEZ VOS COLIS DE MIDI À 0 F DE COMMISSION !

Tantie Aïcha a préparé 6 complets de wax pour des clientes à Marcory et Yopougon.
Pourquoi donner 2 000 F de commission par colis aux applications intermédiaires ?

Sur WAZAP, le Pack Digital Boutique offre 15 courses sans aucune commission WAZAP.
Le livreur touche son tarif net juste (1 000 F à 2 000 F), et Tantie Aïcha conserve l'intégralité de sa marge commerciale !

🛍️ Réservez votre pack gratuit en 30 secondes : envoyez « COLIS » sur WhatsApp au 05 44 05 19 72 ou touchez 👉 https://wa.me/2250544051972?text=COLIS

#Wazap #CommerceAbidjan #BoutiqueCIV #Adjame #Cocody #Yopougon #PromoAbidjan #Team225","📢 Quel montant moyen dépensez-vous par mois en frais de livraison pour votre boutique ?"
"POST_111","J37","2026-11-06","18:30","soir","Facebook Feed & Story | Instagram Feed & Story | WhatsApp Statut","Tantie Aïcha (Wax & Boutiques de Quartier Adjamé)","valeur","marketing/programmation-60jours/visuels/feed/visuel_07_valeur_aicha_feed_square.png","marketing/programmation-60jours/visuels/story/visuel_07_valeur_aicha_story_vertical.png","🌙 18H30 : LES PORTES D'ADJAMÉ SE FERMENT, LA TRÉSORERIE DE TANTIE AÏCHA EST INTACTE !","🌙 18H30 : LES PORTES D'ADJAMÉ SE FERMENT, LA TRÉSORERIE DE TANTIE AÏCHA EST INTACTE !

Quand la cloche sonne la fermeture des grands marchés d'Abidjan, Tantie Aïcha rentre chez elle le cœur léger.
Ses 15 livraisons offertes WAZAP lui ont fait économiser des dizaines de milliers de francs de commissions abusives.

Chaque cliente a reçu son tissu intact, payé par QR Code Universel en 1 seconde.

💎 Profitez-en vous aussi dès demain : envoyez « COLIS » au 05 44 05 19 72 sur WhatsApp ou cliquez 👉 https://wa.me/2250544051972?text=COLIS

#Wazap #CommerceAbidjan #BoutiqueCIV #Adjame #Cocody #Yopougon #PromoAbidjan #Team225","✨ Que feriez-vous de 30 000 F de marge supplémentaire économisés chaque mois sur vos livraisons ?"
"POST_112","J38","2026-11-07","08:00","matin","Facebook Feed & Story | Instagram Feed & Story | WhatsApp Statut","Bakary (Livreur Leader Indépendant Marcory)","valeur","marketing/programmation-60jours/visuels/feed/visuel_08_valeur_bakary_feed_square.png","marketing/programmation-60jours/visuels/story/visuel_08_valeur_bakary_story_vertical.png","🛵 LIVREURS D'ABIDJAN : POURQUOI DONNER 25% DE VOTRE SUEUR AUX APPLICATIONS ÉTRANGÈRES ?","🛵 LIVREURS D'ABIDJAN : POURQUOI DONNER 25% DE VOTRE SUEUR AUX APPLICATIONS ÉTRANGÈRES ?

Tu allumes ta moto dès l'aube. Tu affrontes la chaleur, la pluie et les embouteillages d'Abidjan.
Pourquoi accepter qu'une plateforme te prélève des commissions abusives sur chaque course ?

Sur WAZAP, ta dignité est respectée :
💰 0% commission : 100% du prix de la course reste dans TA poche.
🛡️ Zéro cash marchandise à transporter : le client paie par QR code, zéro risque d'agression ou d'accusation de vol.
📱 Grand Défi Trimestriel : 50 smartphones Xiaomi Redmi 15C neufs offerts aux motards réguliers !
Tout fonctionne sur WhatsApp sans application qui décharge ta batterie.

🔥 Rejoins la flotte des livreurs respectés : envoie « DISPO » par WhatsApp au 05 44 05 19 72 ou touche 👉 https://wa.me/2250544051972?text=DISPO

#Wazap #LivreurAbidjan #CoursierCIV #DigniteMotard #ZeroCommission #Redmi15C #Team225","💪 Combien de courses fais-tu par jour en moyenne à moto à Abidjan ? Dis-le en commentaire !"
"POST_113","J38","2026-11-07","12:30","midi","Facebook Feed & Story | Instagram Feed & Story | WhatsApp Statut","Bakary (Livreur Leader Indépendant Marcory)","valeur","marketing/programmation-60jours/visuels/feed/visuel_08_valeur_bakary_feed_square.png","marketing/programmation-60jours/visuels/story/visuel_08_valeur_bakary_story_vertical.png","🛵 LIVREURS INDÉPENDANTS : 4 COURSES BOUCLÉES CE MIDI = 100% DE L'ARGENT DANS TA POCHE !","🛵 LIVREURS INDÉPENDANTS : 4 COURSES BOUCLÉES CE MIDI = 100% DE L'ARGENT DANS TA POCHE !

Bakary a roulé toute la matinée entre Marcory, Treichville et Koumassi.
Sur d'autres plateformes, l'application lui aurait déjà prélevé 2 500 F sur ses gains.

Sur WAZAP, 0 FCFA de commission ! Tout ce qu'il a gagné est pour lui et sa moto.
Et en plus, Bakary cumule des points pour le grand tirage trimestriel des 50 smartphones Xiaomi Redmi 15C neufs !

🔥 Rejoins Bakary et gagne dignement ta vie : envoie « DISPO » sur WhatsApp au 05 44 05 19 72 ou touche 👉 https://wa.me/2250544051972?text=DISPO

#Wazap #LivreurAbidjan #CoursierCIV #DigniteMotard #ZeroCommission #Redmi15C #Team225","💪 Combien de courses as-tu déjà bouclées aujourd'hui sur les routes d'Abidjan ?"
"POST_114","J38","2026-11-07","18:30","soir","Facebook Feed & Story | Instagram Feed & Story | WhatsApp Statut","Bakary (Livreur Leader Indépendant Marcory)","valeur","marketing/programmation-60jours/visuels/feed/visuel_08_valeur_bakary_feed_square.png","marketing/programmation-60jours/visuels/story/visuel_08_valeur_bakary_story_vertical.png","🌙 18H30 : FIN DE JOURNÉE POUR LE LIVREUR WAZAP — ZÉRO DETTE DE COMMISSION ENVERS QUICONQUE !","🌙 18H30 : FIN DE JOURNÉE POUR LE LIVREUR WAZAP — ZÉRO DETTE DE COMMISSION ENVERS QUICONQUE !

Tu rentres chez toi à Marcory après une journée intense sur le bitume.
Tu n'as aucune commission à reverser en fin de semaine, aucun compte qui risque d'être bloqué arbitrairement.

Tu es libre, indépendant et respecté. Tu tapes « INDISPO » sur WhatsApp et tu profites de ta soirée en famille.

🛵 Sois ton propre patron : envoie « DISPO » sur WhatsApp au 05 44 05 19 72 ou clique 👉 https://wa.me/2250544051972?text=DISPO

#Wazap #LivreurAbidjan #CoursierCIV #DigniteMotard #ZeroCommission #Redmi15C #Team225","🤝 Quel est pour toi le plus bel avantage d'être un livreur indépendant à Abidjan ?"
"POST_115","J39","2026-11-08","08:00","matin","Facebook Feed & Story | Instagram Feed & Story | WhatsApp Statut","Koffi (Livreur Certifié Riviera)","valeur","marketing/programmation-60jours/visuels/feed/visuel_09_valeur_koffi_feed_square.png","marketing/programmation-60jours/visuels/story/visuel_09_valeur_koffi_story_vertical.png","🛑 STOP AUX COURSES À 450 FCFA ! SUR WAZAP, C'EST 1 000 FCFA NET MINIMUM PAR COURSE.","🛑 STOP AUX COURSES À 450 FCFA ! SUR WAZAP, C'EST 1 000 FCFA NET MINIMUM PAR COURSE.

Fini de rouler à perte pour des clopinettes qui ne paient même pas le carburant et l'usure de tes pneus.

Sur WAZAP, la grille tarifaire est claire, juste et transparente :
✅ 1 000 FCFA net minimum garanti dans la même commune, même pour 400 mètres.
✅ 1 500 FCFA pour une commune voisine.
✅ 2 000 FCFA pour les longues distances et traversées de ponts.
✅ Paiement direct à la livraison, sans retenue de flotte arbitraire.
Sois ton propre patron en toute liberté !

🛵 Inscris-toi en 2 minutes : envoie « DISPO » sur WhatsApp au 05 44 05 19 72 ou clique 👉 https://wa.me/2250544051972?text=DISPO

#Wazap #LivreursAbidjan #TarifJuste #DigniteMotard #Riviera #Cocody #Team225","🤝 Quel est pour vous le tarif minimum décent pour une course de livraison à Abidjan ? Donnez votre avis !"
"POST_116","J39","2026-11-08","12:30","midi","Facebook Feed & Story | Instagram Feed & Story | WhatsApp Statut","Koffi (Livreur Certifié Riviera)","valeur","marketing/programmation-60jours/visuels/feed/visuel_09_valeur_koffi_feed_square.png","marketing/programmation-60jours/visuels/story/visuel_09_valeur_koffi_story_vertical.png","🎯 DIGNITÉ DU COURSIER : 1 000 FCFA MINIMUM NET GARANTI DÈS LE PREMIER MÈTRE !","🎯 DIGNITÉ DU COURSIER : 1 000 FCFA MINIMUM NET GARANTI DÈS LE PREMIER MÈTRE !

À midi, les propositions de courses tombent. Pas question pour Koffi d'accepter une course à 400 ou 500 FCFA qui ne paie même pas un litre d'essence !

Sur WAZAP, le plancher minimum est gravé dans le marbre :
1 000 FCFA net dans la même commune.
1 500 FCFA commune voisine.
2 000 FCFA longue distance / traversée de pont.
Le travail d'un motard a une vraie valeur et WAZAP le fait respecter !

🛵 Roule pour des tarifs qui te respectent : envoie « DISPO » sur WhatsApp au 05 44 05 19 72 ou tape 👉 https://wa.me/2250544051972?text=DISPO

#Wazap #LivreursAbidjan #TarifJuste #DigniteMotard #Riviera #Cocody #Team225","🎯 As-tu déjà refusé une course parce que le prix proposé était insultant ? Dis-nous !"
"POST_117","J39","2026-11-08","18:30","soir","Facebook Feed & Story | Instagram Feed & Story | WhatsApp Statut","Koffi (Livreur Certifié Riviera)","valeur","marketing/programmation-60jours/visuels/feed/visuel_09_valeur_koffi_feed_square.png","marketing/programmation-60jours/visuels/story/visuel_09_valeur_koffi_story_vertical.png","🌙 18H30 : LE BILAN DE KOFFI — DES COURSES JUSTES, UN RESPECT TOTAL ET DE LA FIERTÉ.","🌙 18H30 : LE BILAN DE KOFFI — DES COURSES JUSTES, UN RESPECT TOTAL ET DE LA FIERTÉ.

Koffi range sa moto à la Riviera. Il a fait ses courses pour des commerçants de son quartier qui le connaissent et l'apprécient.

Pas de manipulation d'espèces dangereuse sur lui pendant les trajets de nuit : les clients ont payé par QR Code Universel.
Koffi rentre en sécurité avec son salaire net intact.

🛵 Fais partie de la flotte respectée : envoie « DISPO » au 05 44 05 19 72 sur WhatsApp ou clique 👉 https://wa.me/2250544051972?text=DISPO

#Wazap #LivreursAbidjan #TarifJuste #DigniteMotard #Riviera #Cocody #Team225","✨ Quelle est ta commune de prédilection pour rouler tranquillement le soir à Abidjan ?"
"POST_118","J40","2026-11-09","08:00","matin","Facebook Feed & Story | Instagram Feed & Story | WhatsApp Statut","Le Match Comparatif (Ancienne Méthode vs Révolution WAZAP)","valeur","marketing/programmation-60jours/visuels/feed/visuel_10_duel_comparatif_feed_square.png","marketing/programmation-60jours/visuels/story/visuel_10_duel_comparatif_story_vertical.png","⚖️ LE COMPARATIF SANS FILTRE : COMMENT LIVREZ-VOUS VOS CLIENTS EN 2026 À ABIDJAN ?","⚖️ LE COMPARATIF SANS FILTRE : COMMENT LIVREZ-VOUS VOS CLIENTS EN 2026 À ABIDJAN ?

❌ L'ANCIENNE MÉTHODE :
- 45 minutes pour trouver un motard disponible.
- Livreur qui disparaît avec la marchandise ou la recette cash.
- Zéro recours ni assurance en cas de colis écrasé.
- 20% à 30% de commission perdus sur vos ventes.

🟢 LA RÉVOLUTION WAZAP :
- Un coursier assigné en moins de 3 minutes chrono.
- Zéro cash sur la marchandise : encaissement direct par QR Code Universel.
- Assurance Colis Sûr protégeant chaque envoi.
- 0% commission et 15 livraisons offertes pour tester !

👉 Le choix du bon sens : envoyez « COLIS » sur WhatsApp au 05 44 05 19 72 ou touchez 👉 https://wa.me/2250544051972?text=COLIS

#Wazap #LivraisonAbidjan #EcommerceCIV #VenteEnLigneCIV #Team225 #AbidjanInnovation #Cocody #Marcory","🎯 Prêt à moderniser vos livraisons pour les 60 prochains jours ? Tapez OUI en commentaire !"
"POST_119","J40","2026-11-09","12:30","midi","Facebook Feed & Story | Instagram Feed & Story | WhatsApp Statut","Le Match Comparatif (Ancienne Méthode vs Révolution WAZAP)","valeur","marketing/programmation-60jours/visuels/feed/visuel_10_duel_comparatif_feed_square.png","marketing/programmation-60jours/visuels/story/visuel_10_duel_comparatif_story_vertical.png","⚖️ MATCH DE MIDI : 45 MIN À CHERCHER UN MOTARD VS UN COURSIER EN 3 MIN AVEC WAZAP !","⚖️ MATCH DE MIDI : 45 MIN À CHERCHER UN MOTARD VS UN COURSIER EN 3 MIN AVEC WAZAP !

Il est 12h30. Deux boutiques voisines reçoivent une commande urgente.
Boutique A : envoie des messages dans 8 groupes WhatsApp, attend, relance, le client s'énerve.
Boutique B (WAZAP) : tape COLIS sur WhatsApp, un livreur certifié accepte en 2 min 40 s, la commande est déjà en route.

Le résultat ? Boutique B fidélise son client pendant que Boutique A perd sa vente.

👉 Passez dans le camp des gagnants : envoyez « COLIS » au 05 44 05 19 72 sur WhatsApp ou cliquez 👉 https://wa.me/2250544051972?text=COLIS

#Wazap #LivraisonAbidjan #EcommerceCIV #VenteEnLigneCIV #Team225 #AbidjanInnovation #Cocody #Marcory","⏱️ Dans quel camp préférez-vous être pour vos livraisons de ce midi ?"
"POST_120","J40","2026-11-09","18:30","soir","Facebook Feed & Story | Instagram Feed & Story | WhatsApp Statut","Le Match Comparatif (Ancienne Méthode vs Révolution WAZAP)","valeur","marketing/programmation-60jours/visuels/feed/visuel_10_duel_comparatif_feed_square.png","marketing/programmation-60jours/visuels/story/visuel_10_duel_comparatif_story_vertical.png","🌙 18H30 : LE MATCH EST PLIÉ — REGARDEZ LE BILAN DE VOTRE JOURNÉE DE COMMERCE !","🌙 18H30 : LE MATCH EST PLIÉ — REGARDEZ LE BILAN DE VOTRE JOURNÉE DE COMMERCE !

❌ ANCIENNE MÉTHODE :
- Vous avez passé 2 heures au téléphone à traquer des livreurs.
- Vous avez tremblé jusqu'au retour de vos recettes.
- Vous avez perdu 25% de marge en commissions.

🟢 MÉTHODE WAZAP :
- Livreur assigné en 3 minutes chrono.
- Zéro manipulation d'espèces sur la marchandise.
- 15 courses gratuites et 100% de vos marges conservées.

Le choix du bon sens est fait.

🎯 Adoptez la révolution WAZAP dès demain : envoyez « COLIS » sur WhatsApp au 05 44 05 19 72 ou tapez 👉 https://wa.me/2250544051972?text=COLIS

#Wazap #LivraisonAbidjan #EcommerceCIV #VenteEnLigneCIV #Team225 #AbidjanInnovation #Cocody #Marcory","🥊 Quel est le point qui vous soulage le plus dans la méthode WAZAP ? Dites-le nous en commentaire !"
"POST_121","J41","2026-11-10","08:00","matin","Facebook Feed & Story | Instagram Feed & Story | WhatsApp Statut","Awa (Bijouterie & Mode Deux-Plateaux)","securite","marketing/programmation-60jours/visuels/feed/visuel_01_securite_awa_feed_square.png","marketing/programmation-60jours/visuels/story/visuel_01_securite_awa_story_vertical.png","🚨 WAZAP.CI - FINI LES LIVREURS QUI DISPARAISSENT AVEC VOTRE ARGENT !","🚨 WAZAP.CI - FINI LES LIVREURS QUI DISPARAISSENT AVEC VOTRE ARGENT !

Chaque matin à Abidjan, c'est la même angoisse : confier des bijoux ou des marchandises de valeur à un coursier inconnu et prier pour qu'il ne disparaisse pas avec votre recette !

Sur WAZAP, la règle est limpide et inviolable : ZÉRO CASH SUR LA MARCHANDISE.
À la livraison, votre client scanne simplement le QR Code Universel WAZAP (Wave, Orange Money, MTN, Moov, Carte bancaire). L'argent arrive instantanément sur VOTRE compte avant même que le coursier ne reparte.

🛡️ Livreurs vérifiés CNI par IA Google Cloud Vision
📍 Géolocalisation live sur la carte en temps réel
🎁 15 premières livraisons offertes sans commission WAZAP !

👉 Prêt à expédier en toute sérénité ? Envoyez « COLIS » sur WhatsApp au 05 44 05 19 72 ou touchez le lien direct : https://wa.me/2250544051972?text=COLIS

#Wazap #LivraisonAbidjan #EcommerceCIV #VenteEnLigneCIV #Team225 #AbidjanBusiness #Cocody #Marcory #Yopougon #Plateau","💬 Avez-vous déjà été victime d'un livreur qui a disparu avec votre recette de marchandise à Abidjan ? Partagez votre expérience en commentaire."
"POST_122","J41","2026-11-10","12:30","midi","Facebook Feed & Story | Instagram Feed & Story | WhatsApp Statut","Awa (Bijouterie & Mode Deux-Plateaux)","securite","marketing/programmation-60jours/visuels/feed/visuel_01_securite_awa_feed_square.png","marketing/programmation-60jours/visuels/story/visuel_01_securite_awa_story_vertical.png","⚡ BIJOUTERIE & ARTICLES DE VALEUR À MIDI : ZÉRO CASH MANIPULÉ, ZÉRO RISQUE !","⚡ BIJOUTERIE & ARTICLES DE VALEUR À MIDI : ZÉRO CASH MANIPULÉ, ZÉRO RISQUE !

Pause déjeuner à Abidjan : une cliente au Plateau commande un collier ou une montre de valeur.
Comment la livrer en toute sécurité sans craindre qu'un coursier parte avec l'argent ?

Sur WAZAP, la règle est mathématique : ZÉRO CASH SUR LA MARCHANDISE.
Le client scanne le QR Code Universel WAZAP (Wave, Orange Money, MTN, Moov, Carte bancaire).
L'argent entre directement sur le compte d'Awa avant même la remise du paquet.

🛡️ Coursiers vérifiés avec CNI par IA Google Cloud Vision
📍 Trajet surveillé en temps réel par GPS
🎁 15 premières livraisons offertes sans commission !

👉 Expédiez vos créations précieuses en toute sécurité : envoyez « COLIS » au 05 44 05 19 72 sur WhatsApp ou cliquez 👉 https://wa.me/2250544051972?text=COLIS

#Wazap #LivraisonAbidjan #EcommerceCIV #VenteEnLigneCIV #Team225 #AbidjanBusiness #Cocody #Marcory #Yopougon #Plateau","💎 Confieriez-vous un bijou de 50 000 F à un livreur inconnu sans garantie ? Donnez votre avis !"
"POST_123","J41","2026-11-10","18:30","soir","Facebook Feed & Story | Instagram Feed & Story | WhatsApp Statut","Awa (Bijouterie & Mode Deux-Plateaux)","securite","marketing/programmation-60jours/visuels/feed/visuel_01_securite_awa_feed_square.png","marketing/programmation-60jours/visuels/story/visuel_01_securite_awa_story_vertical.png","🌙 18H30 À ABIDJAN : FERMEZ VOTRE BOUTIQUE L'ESPRIT SEREIN, 100% DE VOS RECETTES EN COMPTE !","🌙 18H30 À ABIDJAN : FERMEZ VOTRE BOUTIQUE L'ESPRIT SEREIN, 100% DE VOS RECETTES EN COMPTE !

Fini d'attendre 20h dans l'angoisse qu'un livreur revienne verser vos recettes de la journée.
Avec WAZAP, chaque vente est encaissée à la seconde même de la livraison par QR Code Universel.

Vous clôturez vos comptes en 1 coup d'œil sur votre téléphone, votre trésorerie est sécurisée, et l'Assurance Colis Sûr protège chaque expédition.
C'est la tranquillité d'esprit que mérite tout commerçant ivoirien.

📦 Rejoignez les commerçants sereins : envoyez « COLIS » sur WhatsApp au 05 44 05 19 72 ou touchez 👉 https://wa.me/2250544051972?text=COLIS

#Wazap #LivraisonAbidjan #EcommerceCIV #VenteEnLigneCIV #Team225 #AbidjanBusiness #Cocody #Marcory #Yopougon #Plateau","✨ À quelle heure clôturez-vous habituellement vos comptes de livraison le soir ? Partagez vos réalités d'entrepreneur !"
"POST_124","J42","2026-11-11","08:00","matin","Facebook Feed & Story | Instagram Feed & Story | WhatsApp Statut","Fatou (Pâtisserie & Traiteur Yopougon)","securite","marketing/programmation-60jours/visuels/feed/visuel_02_securite_fatou_feed_square.png","marketing/programmation-60jours/visuels/story/visuel_02_securite_fatou_story_vertical.png","🎂 PÂTISSIÈRES & TRAITEURS D'ABIDJAN : FINI LES GÂTEAUX ÉCRASÉS ET LES REPAS RENVERSÉS !","🎂 PÂTISSIÈRES & TRAITEURS D'ABIDJAN : FINI LES GÂTEAUX ÉCRASÉS ET LES REPAS RENVERSÉS !

Combien d'heures passez-vous à peaufiner un gâteau d'anniversaire pour le voir ruiné au fond d'un sac de moto inadapté ?

Avec WAZAP, vos livraisons délicates sont protégées :
🔒 Assurance Colis Sûr : votre marchandise est couverte et remboursée en cas de dommage.
🛵 Coursiers formés au maintien horizontal des plateaux.
💳 Zéro cash marchandise : le client règle le montant exact au franc près par QR Code Universel (Wave, OM, MTN). Aucun risque de faux billet ou de vol !

📲 Pour expédier vos créations en toute confiance : envoyez « COLIS » sur WhatsApp au 05 44 05 19 72 ou touchez 👉 https://wa.me/2250544051972?text=COLIS (15 courses offertes sans commission).

#Wazap #PatisserieAbidjan #GateauAbidjan #TraiteurCIV #Yopougon #Cocody #Team225","🧁 Quel a été votre pire accident de livraison sur un gâteau ou un plat à Abidjan ? Dites-le nous en commentaire !"
"POST_125","J42","2026-11-11","12:30","midi","Facebook Feed & Story | Instagram Feed & Story | WhatsApp Statut","Fatou (Pâtisserie & Traiteur Yopougon)","securite","marketing/programmation-60jours/visuels/feed/visuel_02_securite_fatou_feed_square.png","marketing/programmation-60jours/visuels/story/visuel_02_securite_fatou_story_vertical.png","🎂 RUSH DE MIDI : GÂTEAUX D'ANNIVERSAIRE LIVRÉS AU BUREAU SANS UNE SEULE ÉGRATIGNURE !","🎂 RUSH DE MIDI : GÂTEAUX D'ANNIVERSAIRE LIVRÉS AU BUREAU SANS UNE SEULE ÉGRATIGNURE !

À 13h, la fête d'anniversaire surprise commence au bureau. Si le gâteau arrive incliné ou la crème écrasée, c'est la réputation de Fatou qui est en jeu !

Avec WAZAP Colis Sûr :
🛵 Coursiers formés au transport horizontal délicat.
🔒 Assurance Colis Sûr garantissant le remboursement en cas d'accident.
💳 Le collègue qui réceptionne scanne le QR code Wave / Orange / MTN au franc près !

📲 Vos douceurs méritent les meilleurs égards : envoyez « COLIS » sur WhatsApp au 05 44 05 19 72 ou touchez 👉 https://wa.me/2250544051972?text=COLIS

#Wazap #PatisserieAbidjan #GateauAbidjan #TraiteurCIV #Yopougon #Cocody #Team225","🧁 Avez-vous déjà vu un gâteau arriver complètement renversé par un livreur pressé ? Racontez-nous !"
"POST_126","J42","2026-11-11","18:30","soir","Facebook Feed & Story | Instagram Feed & Story | WhatsApp Statut","Fatou (Pâtisserie & Traiteur Yopougon)","securite","marketing/programmation-60jours/visuels/feed/visuel_02_securite_fatou_feed_square.png","marketing/programmation-60jours/visuels/story/visuel_02_securite_fatou_story_vertical.png","🌙 18H30 : TOUS LES BUFFETS DU JOUR LIVRÉS IMPECCABLES & ENCAISSÉS AU DERNIER CENTIME !","🌙 18H30 : TOUS LES BUFFETS DU JOUR LIVRÉS IMPECCABLES & ENCAISSÉS AU DERNIER CENTIME !

Après une journée passée devant les fourneaux à pétrir et décorer, Fatou souffle enfin.
Tous ses gâteaux et plateaux traiteurs du jour sont arrivés intacts chez les clients.

Zéro palabre de fausse monnaie, zéro livreur injoignable dans la nuit : l'argent de chaque commande a été versé directement par QR Code Universel dès la porte franchie.

🍰 Pour des livraisons gourmandes 100% sereines : envoyez « COLIS » au 05 44 05 19 72 sur WhatsApp ou cliquez 👉 https://wa.me/2250544051972?text=COLIS

#Wazap #PatisserieAbidjan #GateauAbidjan #TraiteurCIV #Yopougon #Cocody #Team225","❤️ Quelle est la commande la plus délicate que vous ayez eu à livrer jusqu'à présent ?"
"POST_127","J43","2026-11-12","08:00","matin","Facebook Feed & Story | Instagram Feed & Story | WhatsApp Statut","Clarisse (Cosmétiques & Parfums Koumassi)","securite","marketing/programmation-60jours/visuels/feed/visuel_03_securite_clarisse_feed_square.png","marketing/programmation-60jours/visuels/story/visuel_03_securite_clarisse_story_vertical.png","🌧️ IL PLEUT À VERSE SUR ABIDJAN ET VOTRE COURSIER NE RÉPOND PLUS AU TÉLÉPHONE ?","🌧️ IL PLEUT À VERSE SUR ABIDJAN ET VOTRE COURSIER NE RÉPOND PLUS AU TÉLÉPHONE ?

À Abidjan, la moindre averse paralyse les livraisons. Vos clientes s'impatientent, vous passez 15 appels sans réponse, et vos crèmes ou parfums risquent d'arriver trempés.

Sur WAZAP, vous gardez le contrôle de bout en bout :
📍 Radar GPS temps réel : vous et votre cliente suivez la moto rue par rue sans avoir à appeler.
🛡️ Sacs de livraison étanches garantis.
💰 Le client scanne et règle en 1 tap à la porte d'entrée par Mobile Money.

📦 Expédiez vos colis beauté sans angoisse : envoyez « COLIS » au 05 44 05 19 72 ou cliquez 👉 https://wa.me/2250544051972?text=COLIS

#Wazap #CosmetiquesCIV #BeauteAbidjan #Koumassi #Marcory #LivraisonPluie #Team225","🌧️ Combien de commandes avez-vous déjà perdues à cause d'une journée de pluie à Abidjan ? Partagez vos réalités !"
"POST_128","J43","2026-11-12","12:30","midi","Facebook Feed & Story | Instagram Feed & Story | WhatsApp Statut","Clarisse (Cosmétiques & Parfums Koumassi)","securite","marketing/programmation-60jours/visuels/feed/visuel_03_securite_clarisse_feed_square.png","marketing/programmation-60jours/visuels/story/visuel_03_securite_clarisse_story_vertical.png","💄 COMMANDES BEAUTÉ EXPRESS ENTRE MIDI ET DEUX : VOS CLIENTES LIVRÉES À LA PAUSE DÉJEUNER !","💄 COMMANDES BEAUTÉ EXPRESS ENTRE MIDI ET DEUX : VOS CLIENTES LIVRÉES À LA PAUSE DÉJEUNER !

Vos clientes au travail profitent de la pause déjeuner pour recevoir leurs crèmes, sérums et parfums.
Pas question de les faire attendre 45 minutes sur le trottoir !

Sur WAZAP, la cliente suit la moto en temps réel sur la carte interactive.
À l'arrivée, scan instantané du QR Code WAZAP (Wave, OM, MTN) en 5 secondes chrono.
Elle retourne au bureau à l'heure, ravie et parfumée !

🌸 Vos produits méritent un service rapide et élégant : envoyez « COLIS » sur WhatsApp au 05 44 05 19 72 ou tapez 👉 https://wa.me/2250544051972?text=COLIS

#Wazap #CosmetiquesCIV #BeauteAbidjan #Koumassi #Marcory #LivraisonPluie #Team225","💄 Vos clientes commandent-elles plutôt des soins du visage ou des parfums pour les livraisons de midi ?"
"POST_129","J43","2026-11-12","18:30","soir","Facebook Feed & Story | Instagram Feed & Story | WhatsApp Statut","Clarisse (Cosmétiques & Parfums Koumassi)","securite","marketing/programmation-60jours/visuels/feed/visuel_03_securite_clarisse_feed_square.png","marketing/programmation-60jours/visuels/story/visuel_03_securite_clarisse_story_vertical.png","🌧️ MÊME SOUS L'ORAGE DU SOIR À ABIDJAN : VOS PARFUMS ARRIVENT AU SEC DANS DES SACS SCELLÉS !","🌧️ MÊME SOUS L'ORAGE DU SOIR À ABIDJAN : VOS PARFUMS ARRIVENT AU SEC DANS DES SACS SCELLÉS !

Quand la pluie torrentielle tombe sur le boulevard de Koumassi à 18h, la plupart des livreurs éteignent leur téléphone et s'abritent sous les ponts.

Les livreurs partenaires WAZAP sont équipés de sacs étanches Colis Sûr.
Le radar GPS continue d'émettre en direct. Vous savez exactement où se trouve votre colis, et votre cliente est rassurée.

📦 Expédiez par tous les temps : envoyez « COLIS » au 05 44 05 19 72 sur WhatsApp ou touchez 👉 https://wa.me/2250544051972?text=COLIS

#Wazap #CosmetiquesCIV #BeauteAbidjan #Koumassi #Marcory #LivraisonPluie #Team225","🌧️ Quels aménagements faites-vous pour protéger vos colis quand la météo s'emballe à Abidjan ?"
"POST_130","J44","2026-11-13","08:00","matin","Facebook Feed & Story | Instagram Feed & Story | WhatsApp Statut","Salimata (Styliste Mode & Ateliers Couture Angré)","rapidite","marketing/programmation-60jours/visuels/feed/visuel_04_rapidite_salimata_feed_square.png","marketing/programmation-60jours/visuels/story/visuel_04_rapidite_salimata_story_vertical.png","⚡ CLIENTE PRESSÉE POUR UNE SOIRÉE ? NE PERDEZ PLUS 45 MINUTES À CHERCHER UNE MOTO !","⚡ CLIENTE PRESSÉE POUR UNE SOIRÉE ? NE PERDEZ PLUS 45 MINUTES À CHERCHER UNE MOTO !

Votre robe sur-mesure est repassée, prête à partir, mais aucun livreur habituel n'est disponible ?

Sur WAZAP, plus besoin d'écrire dans 5 groupes WhatsApp :
En 3 clics, notre radar alerte les coursiers les plus proches de votre atelier.
En moins de 3 minutes chrono, un coursier certifié accepte et se met en route.

👗 Vos tenues voyagent suspendues et protégées.
💳 Règlement instantané par Mobile Money à l'essayage.

👉 Testez gratuitement dès aujourd'hui : envoyez « COLIS » sur WhatsApp au 05 44 05 19 72 ou tapez 👉 https://wa.me/2250544051972?text=COLIS (15 courses offertes !)

#Wazap #ModeAbidjan #StylisteCIV #Couture225 #Angre #Cocody #Team225","👗 Quel est le délai le plus court qu'un client vous ait déjà demandé pour une livraison urgente ?"
"POST_131","J44","2026-11-13","12:30","midi","Facebook Feed & Story | Instagram Feed & Story | WhatsApp Statut","Salimata (Styliste Mode & Ateliers Couture Angré)","rapidite","marketing/programmation-60jours/visuels/feed/visuel_04_rapidite_salimata_feed_square.png","marketing/programmation-60jours/visuels/story/visuel_04_rapidite_salimata_story_vertical.png","👗 RETOUCHE COUTURE LIVRÉE EN URGENCE AVANT LA SOIRÉE : WAZAP ARRIVE EN 3 MINUTES !","👗 RETOUCHE COUTURE LIVRÉE EN URGENCE AVANT LA SOIRÉE : WAZAP ARRIVE EN 3 MINUTES !

La robe de soirée de votre cliente a reçu sa dernière touche d'aiguille à 12h15.
La cliente en a besoin d'urgence pour son gala ce soir.

Pourquoi passer 15 appels sans réponse ?
Sur WAZAP, 1 tap sur WhatsApp déclenche le radar des 5 livreurs les plus proches d'Angré.
En 3 minutes chrono, la course est prise. La robe voyage sous housse protectrice.

⚡ Pour vos livraisons d'ateliers et de mode : envoyez « COLIS » au 05 44 05 19 72 ou cliquez 👉 https://wa.me/2250544051972?text=COLIS

#Wazap #ModeAbidjan #StylisteCIV #Couture225 #Angre #Cocody #Team225","🧵 Combien de temps mettez-vous en moyenne pour trouver un livreur de confiance pour vos tenues de valeur ?"
"POST_132","J44","2026-11-13","18:30","soir","Facebook Feed & Story | Instagram Feed & Story | WhatsApp Statut","Salimata (Styliste Mode & Ateliers Couture Angré)","rapidite","marketing/programmation-60jours/visuels/feed/visuel_04_rapidite_salimata_feed_square.png","marketing/programmation-60jours/visuels/story/visuel_04_rapidite_salimata_story_vertical.png","🌙 18H30 : LES CRÉATIONS DE SALIMATA BRILLENT SUR LES ÉVÉNEMENTS, ZÉRO STRESS LIVRAISON !","🌙 18H30 : LES CRÉATIONS DE SALIMATA BRILLENT SUR LES ÉVÉNEMENTS, ZÉRO STRESS LIVRAISON !

Pendant que ses clientes défilent et reçoivent des compliments dans leurs robes sur-mesure, Salimata a déjà la confirmation de toutes ses livraisons du jour.

Chaque cliente a scanné le QR Code Universel WAZAP à l'essayage.
Salimata a encaissé sa recette au franc près, sans commission exorbitante prélevée sur sa créativité.

💎 Faites décoller votre atelier de stylisme : envoyez « COLIS » sur WhatsApp au 05 44 05 19 72 ou tapez 👉 https://wa.me/2250544051972?text=COLIS

#Wazap #ModeAbidjan #StylisteCIV #Couture225 #Angre #Cocody #Team225","✨ Quelle a été votre plus belle satisfaction client cette semaine ? Racontez-nous !"
"POST_133","J45","2026-11-14","08:00","matin","Facebook Feed & Story | Instagram Feed & Story | WhatsApp Statut","Chef Momo (Restaurants, Maquis & Grillades Treichville)","rapidite","marketing/programmation-60jours/visuels/feed/visuel_05_rapidite_momo_feed_square.png","marketing/programmation-60jours/visuels/story/visuel_05_rapidite_momo_story_vertical.png","🔥 RUSH DE MIDI À ABIDJAN : VOS GRILLADES LIVRÉES FUMANTES SANS FAIRE ATTENDRE VOS CLIENTS !","🔥 RUSH DE MIDI À ABIDJAN : VOS GRILLADES LIVRÉES FUMANTES SANS FAIRE ATTENDRE VOS CLIENTS !

À l'heure de la pause déjeuner, 10 minutes de retard suffisent pour perdre un client fidèle.

Avec le réseau WAZAP :
🍲 Les livreurs de votre quartier sont pré-positionnés autour de vos fourneaux.
⏱️ Course assignée en un éclair, repas transporté dans des caissons isolés, livré en 20 minutes.
💵 Fini le casse-tête de la monnaie : le client scanne le QR code Wave / Orange / MTN au centime près !

🍗 Doublez vos livraisons de midi dès maintenant : envoyez « COLIS » sur WhatsApp au 05 44 05 19 72 ou touchez 👉 https://wa.me/2250544051972?text=COLIS

#Wazap #RestoAbidjan #Choukouya #FastFoodCIV #Treichville #Plateau #Team225","🍲 Vos clients préfèrent-ils être livrés au bureau à midi ou à la maison le soir ? Donnez votre avis ci-dessous !"
"POST_134","J45","2026-11-14","12:30","midi","Facebook Feed & Story | Instagram Feed & Story | WhatsApp Statut","Chef Momo (Restaurants, Maquis & Grillades Treichville)","rapidite","marketing/programmation-60jours/visuels/feed/visuel_05_rapidite_momo_feed_square.png","marketing/programmation-60jours/visuels/story/visuel_05_rapidite_momo_story_vertical.png","🔥 12H30 : LE FEU CRÉPITE À TREICHVILLE, LES PLATS PARTENT EN 20 MIN FUMANTS ET SAVOUREUX !","🔥 12H30 : LE FEU CRÉPITE À TREICHVILLE, LES PLATS PARTENT EN 20 MIN FUMANTS ET SAVOUREUX !

Choukouya de bœuf, poulet braisé, aloco doré... À midi, les estomacs n'attendent pas !
Un retard de 15 minutes, et c'est un client en colère qui annule sa commande.

Sur WAZAP, nos livreurs de proximité sont pré-positionnés autour de vos fourneaux.
Le repas est emballé dans des caissons isolés et livré en moins de 20 minutes chrono.
Le client paie par QR code au centime près : zéro dispute de monnaie !

🍗 Multipliez vos commandes du déjeuner : envoyez « COLIS » au 05 44 05 19 72 sur WhatsApp ou cliquez 👉 https://wa.me/2250544051972?text=COLIS

#Wazap #RestoAbidjan #Choukouya #FastFoodCIV #Treichville #Plateau #Team225","🍗 Quel est le plat le plus commandé dans votre maquis ou fast-food le midi à Abidjan ?"
"POST_135","J45","2026-11-14","18:30","soir","Facebook Feed & Story | Instagram Feed & Story | WhatsApp Statut","Chef Momo (Restaurants, Maquis & Grillades Treichville)","rapidite","marketing/programmation-60jours/visuels/feed/visuel_05_rapidite_momo_feed_square.png","marketing/programmation-60jours/visuels/story/visuel_05_rapidite_momo_story_vertical.png","🌙 18H30 : LE RUSH DU DÎNER DÉMARRE ! LIVREZ VOS GRILLADES DU SOIR SANS FAUX PAS.","🌙 18H30 : LE RUSH DU DÎNER DÉMARRE ! LIVREZ VOS GRILLADES DU SOIR SANS FAUX PAS.

À la tombée de la nuit, les travailleurs rentrent et commandent leurs dîners.
Avec WAZAP, la flotte de coursiers reste mobilisée jusqu'à la dernière braise.

Chaque plat arrive chaud, la recette est versée immédiatement sur votre compte Mobile Money, et vous clôturez une journée rentable sans jamais manipuler de billets sales.

🔥 Boostez vos livraisons du soir : envoyez « COLIS » sur WhatsApp au 05 44 05 19 72 ou cliquez 👉 https://wa.me/2250544051972?text=COLIS

#Wazap #RestoAbidjan #Choukouya #FastFoodCIV #Treichville #Plateau #Team225","🍻 Jusqu'à quelle heure servez-vous des commandes à emporter le soir ?"
"POST_136","J46","2026-11-15","08:00","matin","Facebook Feed & Story | Instagram Feed & Story | WhatsApp Statut","Amara (Sneakers & Streetwear Marcory)","rapidite","marketing/programmation-60jours/visuels/feed/visuel_06_rapidite_amara_feed_square.png","marketing/programmation-60jours/visuels/story/visuel_06_rapidite_amara_story_vertical.png","💵 « CHEF, JE N'AI PAS LA MONNAIE SUR 10 000 F ! » : FINI CE REFRAIN QUI VOUS FAIT PERDRE DES VENTES !","💵 « CHEF, JE N'AI PAS LA MONNAIE SUR 10 000 F ! » : FINI CE REFRAIN QUI VOUS FAIT PERDRE DES VENTES !

Le livreur arrive à la porte. Le client sort un gros billet de 10 000 F. Le coursier n'a pas la monnaie, il part chercher au carrefour... et perd 30 minutes pendant que le client s'agace.

Sur WAZAP, cette galère est éradiquée :
Le client scanne le QR Code Universel WAZAP et règle le montant exact au franc près depuis son compte Wave, Orange Money ou MTN.

🚫 Zéro manipulation de billets douteux
⚡ Votre recette est virée à la seconde sur votre compte
🛵 Le livreur repart immédiatement pour sa prochaine course.

👟 Modernisez vos encaissements : envoyez « COLIS » sur WhatsApp au 05 44 05 19 72 ou touchez 👉 https://wa.me/2250544051972?text=COLIS

#Wazap #SneakersAbidjan #StreetwearCIV #Marcory #ZeroCash #MobileMoneyCIV #Team225","💵 Quelle est la plus grosse somme de monnaie que vous ayez déjà couru chercher pour un client ? Racontez-nous !"
"POST_137","J46","2026-11-15","12:30","midi","Facebook Feed & Story | Instagram Feed & Story | WhatsApp Statut","Amara (Sneakers & Streetwear Marcory)","rapidite","marketing/programmation-60jours/visuels/feed/visuel_06_rapidite_amara_feed_square.png","marketing/programmation-60jours/visuels/story/visuel_06_rapidite_amara_story_vertical.png","👟 SNEAKERS & STREETWEAR LIVRÉS À MIDI PILE : FINI LES ACHETEURS QUI N'ONT PAS LA MONNAIE !","👟 SNEAKERS & STREETWEAR LIVRÉS À MIDI PILE : FINI LES ACHETEURS QUI N'ONT PAS LA MONNAIE !

Le livreur sonne à Marcory. La paire de Jordan ou de sneakers tendance vaut 28 500 FCFA.
L'acheteur sort 3 billets de 10 000 FCFA. Qui a la monnaie de 1 500 F ? Personne !

Avec WAZAP, l'acheteur scanne le QR code Wave / Orange / MTN et paie exactement 28 500 FCFA en 1 seconde.
Pas de billets égarés, pas d'aller-retour au kiosque, Amara reçoit sa notification bancaire immédiatement.

🚀 Modernisez la livraison de votre shop : envoyez « COLIS » au 05 44 05 19 72 sur WhatsApp ou touchez 👉 https://wa.me/2250544051972?text=COLIS

#Wazap #SneakersAbidjan #StreetwearCIV #Marcory #ZeroCash #MobileMoneyCIV #Team225","👟 Combien de ventes avez-vous déjà failli annuler juste à cause d'un manque de monnaie ?"
"POST_138","J46","2026-11-15","18:30","soir","Facebook Feed & Story | Instagram Feed & Story | WhatsApp Statut","Amara (Sneakers & Streetwear Marcory)","rapidite","marketing/programmation-60jours/visuels/feed/visuel_06_rapidite_amara_feed_square.png","marketing/programmation-60jours/visuels/story/visuel_06_rapidite_amara_story_vertical.png","🌙 18H30 : TOUTES LES PAIRES DE LA JOURNÉE LIVRÉES, TRÉSORERIE 100% AU VERT !","🌙 18H30 : TOUTES LES PAIRES DE LA JOURNÉE LIVRÉES, TRÉSORERIE 100% AU VERT !

La journée de vente se termine pour le streetwear à Abidjan. Les clients ont reçu leurs colis, essayent leurs paires et postent leurs unboxings.

Sur WAZAP, Amara n'a pas un seul franc dans la nature.
Zéro commission cachée, zéro risque de faux billet encaissé à la sauvette.

👟 Rejoignez la nouvelle génération de commerçants : envoyez « COLIS » au 05 44 05 19 72 ou tapez 👉 https://wa.me/2250544051972?text=COLIS

#Wazap #SneakersAbidjan #StreetwearCIV #Marcory #ZeroCash #MobileMoneyCIV #Team225","🔥 Quel modèle de sneakers a été votre plus gros carton de vente ce mois-ci ?"
"POST_139","J47","2026-11-16","08:00","matin","Facebook Feed & Story | Instagram Feed & Story | WhatsApp Statut","Tantie Aïcha (Wax & Boutiques de Quartier Adjamé)","valeur","marketing/programmation-60jours/visuels/feed/visuel_07_valeur_aicha_feed_square.png","marketing/programmation-60jours/visuels/story/visuel_07_valeur_aicha_story_vertical.png","🎁 COMMERÇANTS D'ABIDJAN : ET SI VOS 15 PROCHAINES LIVRAISONS NE VOUS COÛTAIENT STRICTEMENT RIEN EN COMMISSION ?","🎁 COMMERÇANTS D'ABIDJAN : ET SI VOS 15 PROCHAINES LIVRAISONS NE VOUS COÛTAIENT STRICTEMENT RIEN EN COMMISSION ?

Pourquoi continuer à payer des commissions de 20% à 30% ou des abonnements mensuels ruineux pour expédier vos ventes ?

WAZAP offre à chaque boutique d'Abidjan le Pack Digital Boutique :
✅ 15 recherches de livreurs offertes à 0 F de commission WAZAP.
✅ Vous ne payez que le coursier à son tarif direct et équitable (1 000 F à 2 000 F net).
✅ Zéro application lourde à télécharger : tout se pilote directement dans WhatsApp !
Testez notre technologie en conditions réelles sans sortir un franc de votre poche.

🛍️ Activez vos 15 livraisons offertes en 30 secondes : envoyez « COLIS » sur WhatsApp au 05 44 05 19 72 ou cliquez 👉 https://wa.me/2250544051972?text=COLIS

#Wazap #CommerceAbidjan #BoutiqueCIV #Adjame #Cocody #Yopougon #PromoAbidjan #Team225","🎁 Combien de colis expédiez-vous en moyenne par semaine depuis votre boutique ? Répondez ci-dessous !"
"POST_140","J47","2026-11-16","12:30","midi","Facebook Feed & Story | Instagram Feed & Story | WhatsApp Statut","Tantie Aïcha (Wax & Boutiques de Quartier Adjamé)","valeur","marketing/programmation-60jours/visuels/feed/visuel_07_valeur_aicha_feed_square.png","marketing/programmation-60jours/visuels/story/visuel_07_valeur_aicha_story_vertical.png","🎁 COMMERÇANTS DU GRAND MARCHÉ D'ADJAMÉ : EXPÉDIEZ VOS COLIS DE MIDI À 0 F DE COMMISSION !","🎁 COMMERÇANTS DU GRAND MARCHÉ D'ADJAMÉ : EXPÉDIEZ VOS COLIS DE MIDI À 0 F DE COMMISSION !

Tantie Aïcha a préparé 6 complets de wax pour des clientes à Marcory et Yopougon.
Pourquoi donner 2 000 F de commission par colis aux applications intermédiaires ?

Sur WAZAP, le Pack Digital Boutique offre 15 courses sans aucune commission WAZAP.
Le livreur touche son tarif net juste (1 000 F à 2 000 F), et Tantie Aïcha conserve l'intégralité de sa marge commerciale !

🛍️ Réservez votre pack gratuit en 30 secondes : envoyez « COLIS » sur WhatsApp au 05 44 05 19 72 ou touchez 👉 https://wa.me/2250544051972?text=COLIS

#Wazap #CommerceAbidjan #BoutiqueCIV #Adjame #Cocody #Yopougon #PromoAbidjan #Team225","📢 Quel montant moyen dépensez-vous par mois en frais de livraison pour votre boutique ?"
"POST_141","J47","2026-11-16","18:30","soir","Facebook Feed & Story | Instagram Feed & Story | WhatsApp Statut","Tantie Aïcha (Wax & Boutiques de Quartier Adjamé)","valeur","marketing/programmation-60jours/visuels/feed/visuel_07_valeur_aicha_feed_square.png","marketing/programmation-60jours/visuels/story/visuel_07_valeur_aicha_story_vertical.png","🌙 18H30 : LES PORTES D'ADJAMÉ SE FERMENT, LA TRÉSORERIE DE TANTIE AÏCHA EST INTACTE !","🌙 18H30 : LES PORTES D'ADJAMÉ SE FERMENT, LA TRÉSORERIE DE TANTIE AÏCHA EST INTACTE !

Quand la cloche sonne la fermeture des grands marchés d'Abidjan, Tantie Aïcha rentre chez elle le cœur léger.
Ses 15 livraisons offertes WAZAP lui ont fait économiser des dizaines de milliers de francs de commissions abusives.

Chaque cliente a reçu son tissu intact, payé par QR Code Universel en 1 seconde.

💎 Profitez-en vous aussi dès demain : envoyez « COLIS » au 05 44 05 19 72 sur WhatsApp ou cliquez 👉 https://wa.me/2250544051972?text=COLIS

#Wazap #CommerceAbidjan #BoutiqueCIV #Adjame #Cocody #Yopougon #PromoAbidjan #Team225","✨ Que feriez-vous de 30 000 F de marge supplémentaire économisés chaque mois sur vos livraisons ?"
"POST_142","J48","2026-11-17","08:00","matin","Facebook Feed & Story | Instagram Feed & Story | WhatsApp Statut","Bakary (Livreur Leader Indépendant Marcory)","valeur","marketing/programmation-60jours/visuels/feed/visuel_08_valeur_bakary_feed_square.png","marketing/programmation-60jours/visuels/story/visuel_08_valeur_bakary_story_vertical.png","🛵 LIVREURS D'ABIDJAN : POURQUOI DONNER 25% DE VOTRE SUEUR AUX APPLICATIONS ÉTRANGÈRES ?","🛵 LIVREURS D'ABIDJAN : POURQUOI DONNER 25% DE VOTRE SUEUR AUX APPLICATIONS ÉTRANGÈRES ?

Tu allumes ta moto dès l'aube. Tu affrontes la chaleur, la pluie et les embouteillages d'Abidjan.
Pourquoi accepter qu'une plateforme te prélève des commissions abusives sur chaque course ?

Sur WAZAP, ta dignité est respectée :
💰 0% commission : 100% du prix de la course reste dans TA poche.
🛡️ Zéro cash marchandise à transporter : le client paie par QR code, zéro risque d'agression ou d'accusation de vol.
📱 Grand Défi Trimestriel : 50 smartphones Xiaomi Redmi 15C neufs offerts aux motards réguliers !
Tout fonctionne sur WhatsApp sans application qui décharge ta batterie.

🔥 Rejoins la flotte des livreurs respectés : envoie « DISPO » par WhatsApp au 05 44 05 19 72 ou touche 👉 https://wa.me/2250544051972?text=DISPO

#Wazap #LivreurAbidjan #CoursierCIV #DigniteMotard #ZeroCommission #Redmi15C #Team225","💪 Combien de courses fais-tu par jour en moyenne à moto à Abidjan ? Dis-le en commentaire !"
"POST_143","J48","2026-11-17","12:30","midi","Facebook Feed & Story | Instagram Feed & Story | WhatsApp Statut","Bakary (Livreur Leader Indépendant Marcory)","valeur","marketing/programmation-60jours/visuels/feed/visuel_08_valeur_bakary_feed_square.png","marketing/programmation-60jours/visuels/story/visuel_08_valeur_bakary_story_vertical.png","🛵 LIVREURS INDÉPENDANTS : 4 COURSES BOUCLÉES CE MIDI = 100% DE L'ARGENT DANS TA POCHE !","🛵 LIVREURS INDÉPENDANTS : 4 COURSES BOUCLÉES CE MIDI = 100% DE L'ARGENT DANS TA POCHE !

Bakary a roulé toute la matinée entre Marcory, Treichville et Koumassi.
Sur d'autres plateformes, l'application lui aurait déjà prélevé 2 500 F sur ses gains.

Sur WAZAP, 0 FCFA de commission ! Tout ce qu'il a gagné est pour lui et sa moto.
Et en plus, Bakary cumule des points pour le grand tirage trimestriel des 50 smartphones Xiaomi Redmi 15C neufs !

🔥 Rejoins Bakary et gagne dignement ta vie : envoie « DISPO » sur WhatsApp au 05 44 05 19 72 ou touche 👉 https://wa.me/2250544051972?text=DISPO

#Wazap #LivreurAbidjan #CoursierCIV #DigniteMotard #ZeroCommission #Redmi15C #Team225","💪 Combien de courses as-tu déjà bouclées aujourd'hui sur les routes d'Abidjan ?"
"POST_144","J48","2026-11-17","18:30","soir","Facebook Feed & Story | Instagram Feed & Story | WhatsApp Statut","Bakary (Livreur Leader Indépendant Marcory)","valeur","marketing/programmation-60jours/visuels/feed/visuel_08_valeur_bakary_feed_square.png","marketing/programmation-60jours/visuels/story/visuel_08_valeur_bakary_story_vertical.png","🌙 18H30 : FIN DE JOURNÉE POUR LE LIVREUR WAZAP — ZÉRO DETTE DE COMMISSION ENVERS QUICONQUE !","🌙 18H30 : FIN DE JOURNÉE POUR LE LIVREUR WAZAP — ZÉRO DETTE DE COMMISSION ENVERS QUICONQUE !

Tu rentres chez toi à Marcory après une journée intense sur le bitume.
Tu n'as aucune commission à reverser en fin de semaine, aucun compte qui risque d'être bloqué arbitrairement.

Tu es libre, indépendant et respecté. Tu tapes « INDISPO » sur WhatsApp et tu profites de ta soirée en famille.

🛵 Sois ton propre patron : envoie « DISPO » sur WhatsApp au 05 44 05 19 72 ou clique 👉 https://wa.me/2250544051972?text=DISPO

#Wazap #LivreurAbidjan #CoursierCIV #DigniteMotard #ZeroCommission #Redmi15C #Team225","🤝 Quel est pour toi le plus bel avantage d'être un livreur indépendant à Abidjan ?"
"POST_145","J49","2026-11-18","08:00","matin","Facebook Feed & Story | Instagram Feed & Story | WhatsApp Statut","Koffi (Livreur Certifié Riviera)","valeur","marketing/programmation-60jours/visuels/feed/visuel_09_valeur_koffi_feed_square.png","marketing/programmation-60jours/visuels/story/visuel_09_valeur_koffi_story_vertical.png","🛑 STOP AUX COURSES À 450 FCFA ! SUR WAZAP, C'EST 1 000 FCFA NET MINIMUM PAR COURSE.","🛑 STOP AUX COURSES À 450 FCFA ! SUR WAZAP, C'EST 1 000 FCFA NET MINIMUM PAR COURSE.

Fini de rouler à perte pour des clopinettes qui ne paient même pas le carburant et l'usure de tes pneus.

Sur WAZAP, la grille tarifaire est claire, juste et transparente :
✅ 1 000 FCFA net minimum garanti dans la même commune, même pour 400 mètres.
✅ 1 500 FCFA pour une commune voisine.
✅ 2 000 FCFA pour les longues distances et traversées de ponts.
✅ Paiement direct à la livraison, sans retenue de flotte arbitraire.
Sois ton propre patron en toute liberté !

🛵 Inscris-toi en 2 minutes : envoie « DISPO » sur WhatsApp au 05 44 05 19 72 ou clique 👉 https://wa.me/2250544051972?text=DISPO

#Wazap #LivreursAbidjan #TarifJuste #DigniteMotard #Riviera #Cocody #Team225","🤝 Quel est pour vous le tarif minimum décent pour une course de livraison à Abidjan ? Donnez votre avis !"
"POST_146","J49","2026-11-18","12:30","midi","Facebook Feed & Story | Instagram Feed & Story | WhatsApp Statut","Koffi (Livreur Certifié Riviera)","valeur","marketing/programmation-60jours/visuels/feed/visuel_09_valeur_koffi_feed_square.png","marketing/programmation-60jours/visuels/story/visuel_09_valeur_koffi_story_vertical.png","🎯 DIGNITÉ DU COURSIER : 1 000 FCFA MINIMUM NET GARANTI DÈS LE PREMIER MÈTRE !","🎯 DIGNITÉ DU COURSIER : 1 000 FCFA MINIMUM NET GARANTI DÈS LE PREMIER MÈTRE !

À midi, les propositions de courses tombent. Pas question pour Koffi d'accepter une course à 400 ou 500 FCFA qui ne paie même pas un litre d'essence !

Sur WAZAP, le plancher minimum est gravé dans le marbre :
1 000 FCFA net dans la même commune.
1 500 FCFA commune voisine.
2 000 FCFA longue distance / traversée de pont.
Le travail d'un motard a une vraie valeur et WAZAP le fait respecter !

🛵 Roule pour des tarifs qui te respectent : envoie « DISPO » sur WhatsApp au 05 44 05 19 72 ou tape 👉 https://wa.me/2250544051972?text=DISPO

#Wazap #LivreursAbidjan #TarifJuste #DigniteMotard #Riviera #Cocody #Team225","🎯 As-tu déjà refusé une course parce que le prix proposé était insultant ? Dis-nous !"
"POST_147","J49","2026-11-18","18:30","soir","Facebook Feed & Story | Instagram Feed & Story | WhatsApp Statut","Koffi (Livreur Certifié Riviera)","valeur","marketing/programmation-60jours/visuels/feed/visuel_09_valeur_koffi_feed_square.png","marketing/programmation-60jours/visuels/story/visuel_09_valeur_koffi_story_vertical.png","🌙 18H30 : LE BILAN DE KOFFI — DES COURSES JUSTES, UN RESPECT TOTAL ET DE LA FIERTÉ.","🌙 18H30 : LE BILAN DE KOFFI — DES COURSES JUSTES, UN RESPECT TOTAL ET DE LA FIERTÉ.

Koffi range sa moto à la Riviera. Il a fait ses courses pour des commerçants de son quartier qui le connaissent et l'apprécient.

Pas de manipulation d'espèces dangereuse sur lui pendant les trajets de nuit : les clients ont payé par QR Code Universel.
Koffi rentre en sécurité avec son salaire net intact.

🛵 Fais partie de la flotte respectée : envoie « DISPO » au 05 44 05 19 72 sur WhatsApp ou clique 👉 https://wa.me/2250544051972?text=DISPO

#Wazap #LivreursAbidjan #TarifJuste #DigniteMotard #Riviera #Cocody #Team225","✨ Quelle est ta commune de prédilection pour rouler tranquillement le soir à Abidjan ?"
"POST_148","J50","2026-11-19","08:00","matin","Facebook Feed & Story | Instagram Feed & Story | WhatsApp Statut","Le Match Comparatif (Ancienne Méthode vs Révolution WAZAP)","valeur","marketing/programmation-60jours/visuels/feed/visuel_10_duel_comparatif_feed_square.png","marketing/programmation-60jours/visuels/story/visuel_10_duel_comparatif_story_vertical.png","⚖️ LE COMPARATIF SANS FILTRE : COMMENT LIVREZ-VOUS VOS CLIENTS EN 2026 À ABIDJAN ?","⚖️ LE COMPARATIF SANS FILTRE : COMMENT LIVREZ-VOUS VOS CLIENTS EN 2026 À ABIDJAN ?

❌ L'ANCIENNE MÉTHODE :
- 45 minutes pour trouver un motard disponible.
- Livreur qui disparaît avec la marchandise ou la recette cash.
- Zéro recours ni assurance en cas de colis écrasé.
- 20% à 30% de commission perdus sur vos ventes.

🟢 LA RÉVOLUTION WAZAP :
- Un coursier assigné en moins de 3 minutes chrono.
- Zéro cash sur la marchandise : encaissement direct par QR Code Universel.
- Assurance Colis Sûr protégeant chaque envoi.
- 0% commission et 15 livraisons offertes pour tester !

👉 Le choix du bon sens : envoyez « COLIS » sur WhatsApp au 05 44 05 19 72 ou touchez 👉 https://wa.me/2250544051972?text=COLIS

#Wazap #LivraisonAbidjan #EcommerceCIV #VenteEnLigneCIV #Team225 #AbidjanInnovation #Cocody #Marcory","🎯 Prêt à moderniser vos livraisons pour les 60 prochains jours ? Tapez OUI en commentaire !"
"POST_149","J50","2026-11-19","12:30","midi","Facebook Feed & Story | Instagram Feed & Story | WhatsApp Statut","Le Match Comparatif (Ancienne Méthode vs Révolution WAZAP)","valeur","marketing/programmation-60jours/visuels/feed/visuel_10_duel_comparatif_feed_square.png","marketing/programmation-60jours/visuels/story/visuel_10_duel_comparatif_story_vertical.png","⚖️ MATCH DE MIDI : 45 MIN À CHERCHER UN MOTARD VS UN COURSIER EN 3 MIN AVEC WAZAP !","⚖️ MATCH DE MIDI : 45 MIN À CHERCHER UN MOTARD VS UN COURSIER EN 3 MIN AVEC WAZAP !

Il est 12h30. Deux boutiques voisines reçoivent une commande urgente.
Boutique A : envoie des messages dans 8 groupes WhatsApp, attend, relance, le client s'énerve.
Boutique B (WAZAP) : tape COLIS sur WhatsApp, un livreur certifié accepte en 2 min 40 s, la commande est déjà en route.

Le résultat ? Boutique B fidélise son client pendant que Boutique A perd sa vente.

👉 Passez dans le camp des gagnants : envoyez « COLIS » au 05 44 05 19 72 sur WhatsApp ou cliquez 👉 https://wa.me/2250544051972?text=COLIS

#Wazap #LivraisonAbidjan #EcommerceCIV #VenteEnLigneCIV #Team225 #AbidjanInnovation #Cocody #Marcory","⏱️ Dans quel camp préférez-vous être pour vos livraisons de ce midi ?"
"POST_150","J50","2026-11-19","18:30","soir","Facebook Feed & Story | Instagram Feed & Story | WhatsApp Statut","Le Match Comparatif (Ancienne Méthode vs Révolution WAZAP)","valeur","marketing/programmation-60jours/visuels/feed/visuel_10_duel_comparatif_feed_square.png","marketing/programmation-60jours/visuels/story/visuel_10_duel_comparatif_story_vertical.png","🌙 18H30 : LE MATCH EST PLIÉ — REGARDEZ LE BILAN DE VOTRE JOURNÉE DE COMMERCE !","🌙 18H30 : LE MATCH EST PLIÉ — REGARDEZ LE BILAN DE VOTRE JOURNÉE DE COMMERCE !

❌ ANCIENNE MÉTHODE :
- Vous avez passé 2 heures au téléphone à traquer des livreurs.
- Vous avez tremblé jusqu'au retour de vos recettes.
- Vous avez perdu 25% de marge en commissions.

🟢 MÉTHODE WAZAP :
- Livreur assigné en 3 minutes chrono.
- Zéro manipulation d'espèces sur la marchandise.
- 15 courses gratuites et 100% de vos marges conservées.

Le choix du bon sens est fait.

🎯 Adoptez la révolution WAZAP dès demain : envoyez « COLIS » sur WhatsApp au 05 44 05 19 72 ou tapez 👉 https://wa.me/2250544051972?text=COLIS

#Wazap #LivraisonAbidjan #EcommerceCIV #VenteEnLigneCIV #Team225 #AbidjanInnovation #Cocody #Marcory","🥊 Quel est le point qui vous soulage le plus dans la méthode WAZAP ? Dites-le nous en commentaire !"
"POST_151","J51","2026-11-20","08:00","matin","Facebook Feed & Story | Instagram Feed & Story | WhatsApp Statut","Awa (Bijouterie & Mode Deux-Plateaux)","securite","marketing/programmation-60jours/visuels/feed/visuel_01_securite_awa_feed_square.png","marketing/programmation-60jours/visuels/story/visuel_01_securite_awa_story_vertical.png","🚨 WAZAP.CI - FINI LES LIVREURS QUI DISPARAISSENT AVEC VOTRE ARGENT !","🚨 WAZAP.CI - FINI LES LIVREURS QUI DISPARAISSENT AVEC VOTRE ARGENT !

Chaque matin à Abidjan, c'est la même angoisse : confier des bijoux ou des marchandises de valeur à un coursier inconnu et prier pour qu'il ne disparaisse pas avec votre recette !

Sur WAZAP, la règle est limpide et inviolable : ZÉRO CASH SUR LA MARCHANDISE.
À la livraison, votre client scanne simplement le QR Code Universel WAZAP (Wave, Orange Money, MTN, Moov, Carte bancaire). L'argent arrive instantanément sur VOTRE compte avant même que le coursier ne reparte.

🛡️ Livreurs vérifiés CNI par IA Google Cloud Vision
📍 Géolocalisation live sur la carte en temps réel
🎁 15 premières livraisons offertes sans commission WAZAP !

👉 Prêt à expédier en toute sérénité ? Envoyez « COLIS » sur WhatsApp au 05 44 05 19 72 ou touchez le lien direct : https://wa.me/2250544051972?text=COLIS

#Wazap #LivraisonAbidjan #EcommerceCIV #VenteEnLigneCIV #Team225 #AbidjanBusiness #Cocody #Marcory #Yopougon #Plateau","💬 Avez-vous déjà été victime d'un livreur qui a disparu avec votre recette de marchandise à Abidjan ? Partagez votre expérience en commentaire."
"POST_152","J51","2026-11-20","12:30","midi","Facebook Feed & Story | Instagram Feed & Story | WhatsApp Statut","Awa (Bijouterie & Mode Deux-Plateaux)","securite","marketing/programmation-60jours/visuels/feed/visuel_01_securite_awa_feed_square.png","marketing/programmation-60jours/visuels/story/visuel_01_securite_awa_story_vertical.png","⚡ BIJOUTERIE & ARTICLES DE VALEUR À MIDI : ZÉRO CASH MANIPULÉ, ZÉRO RISQUE !","⚡ BIJOUTERIE & ARTICLES DE VALEUR À MIDI : ZÉRO CASH MANIPULÉ, ZÉRO RISQUE !

Pause déjeuner à Abidjan : une cliente au Plateau commande un collier ou une montre de valeur.
Comment la livrer en toute sécurité sans craindre qu'un coursier parte avec l'argent ?

Sur WAZAP, la règle est mathématique : ZÉRO CASH SUR LA MARCHANDISE.
Le client scanne le QR Code Universel WAZAP (Wave, Orange Money, MTN, Moov, Carte bancaire).
L'argent entre directement sur le compte d'Awa avant même la remise du paquet.

🛡️ Coursiers vérifiés avec CNI par IA Google Cloud Vision
📍 Trajet surveillé en temps réel par GPS
🎁 15 premières livraisons offertes sans commission !

👉 Expédiez vos créations précieuses en toute sécurité : envoyez « COLIS » au 05 44 05 19 72 sur WhatsApp ou cliquez 👉 https://wa.me/2250544051972?text=COLIS

#Wazap #LivraisonAbidjan #EcommerceCIV #VenteEnLigneCIV #Team225 #AbidjanBusiness #Cocody #Marcory #Yopougon #Plateau","💎 Confieriez-vous un bijou de 50 000 F à un livreur inconnu sans garantie ? Donnez votre avis !"
"POST_153","J51","2026-11-20","18:30","soir","Facebook Feed & Story | Instagram Feed & Story | WhatsApp Statut","Awa (Bijouterie & Mode Deux-Plateaux)","securite","marketing/programmation-60jours/visuels/feed/visuel_01_securite_awa_feed_square.png","marketing/programmation-60jours/visuels/story/visuel_01_securite_awa_story_vertical.png","🌙 18H30 À ABIDJAN : FERMEZ VOTRE BOUTIQUE L'ESPRIT SEREIN, 100% DE VOS RECETTES EN COMPTE !","🌙 18H30 À ABIDJAN : FERMEZ VOTRE BOUTIQUE L'ESPRIT SEREIN, 100% DE VOS RECETTES EN COMPTE !

Fini d'attendre 20h dans l'angoisse qu'un livreur revienne verser vos recettes de la journée.
Avec WAZAP, chaque vente est encaissée à la seconde même de la livraison par QR Code Universel.

Vous clôturez vos comptes en 1 coup d'œil sur votre téléphone, votre trésorerie est sécurisée, et l'Assurance Colis Sûr protège chaque expédition.
C'est la tranquillité d'esprit que mérite tout commerçant ivoirien.

📦 Rejoignez les commerçants sereins : envoyez « COLIS » sur WhatsApp au 05 44 05 19 72 ou touchez 👉 https://wa.me/2250544051972?text=COLIS

#Wazap #LivraisonAbidjan #EcommerceCIV #VenteEnLigneCIV #Team225 #AbidjanBusiness #Cocody #Marcory #Yopougon #Plateau","✨ À quelle heure clôturez-vous habituellement vos comptes de livraison le soir ? Partagez vos réalités d'entrepreneur !"
"POST_154","J52","2026-11-21","08:00","matin","Facebook Feed & Story | Instagram Feed & Story | WhatsApp Statut","Fatou (Pâtisserie & Traiteur Yopougon)","securite","marketing/programmation-60jours/visuels/feed/visuel_02_securite_fatou_feed_square.png","marketing/programmation-60jours/visuels/story/visuel_02_securite_fatou_story_vertical.png","🎂 PÂTISSIÈRES & TRAITEURS D'ABIDJAN : FINI LES GÂTEAUX ÉCRASÉS ET LES REPAS RENVERSÉS !","🎂 PÂTISSIÈRES & TRAITEURS D'ABIDJAN : FINI LES GÂTEAUX ÉCRASÉS ET LES REPAS RENVERSÉS !

Combien d'heures passez-vous à peaufiner un gâteau d'anniversaire pour le voir ruiné au fond d'un sac de moto inadapté ?

Avec WAZAP, vos livraisons délicates sont protégées :
🔒 Assurance Colis Sûr : votre marchandise est couverte et remboursée en cas de dommage.
🛵 Coursiers formés au maintien horizontal des plateaux.
💳 Zéro cash marchandise : le client règle le montant exact au franc près par QR Code Universel (Wave, OM, MTN). Aucun risque de faux billet ou de vol !

📲 Pour expédier vos créations en toute confiance : envoyez « COLIS » sur WhatsApp au 05 44 05 19 72 ou touchez 👉 https://wa.me/2250544051972?text=COLIS (15 courses offertes sans commission).

#Wazap #PatisserieAbidjan #GateauAbidjan #TraiteurCIV #Yopougon #Cocody #Team225","🧁 Quel a été votre pire accident de livraison sur un gâteau ou un plat à Abidjan ? Dites-le nous en commentaire !"
"POST_155","J52","2026-11-21","12:30","midi","Facebook Feed & Story | Instagram Feed & Story | WhatsApp Statut","Fatou (Pâtisserie & Traiteur Yopougon)","securite","marketing/programmation-60jours/visuels/feed/visuel_02_securite_fatou_feed_square.png","marketing/programmation-60jours/visuels/story/visuel_02_securite_fatou_story_vertical.png","🎂 RUSH DE MIDI : GÂTEAUX D'ANNIVERSAIRE LIVRÉS AU BUREAU SANS UNE SEULE ÉGRATIGNURE !","🎂 RUSH DE MIDI : GÂTEAUX D'ANNIVERSAIRE LIVRÉS AU BUREAU SANS UNE SEULE ÉGRATIGNURE !

À 13h, la fête d'anniversaire surprise commence au bureau. Si le gâteau arrive incliné ou la crème écrasée, c'est la réputation de Fatou qui est en jeu !

Avec WAZAP Colis Sûr :
🛵 Coursiers formés au transport horizontal délicat.
🔒 Assurance Colis Sûr garantissant le remboursement en cas d'accident.
💳 Le collègue qui réceptionne scanne le QR code Wave / Orange / MTN au franc près !

📲 Vos douceurs méritent les meilleurs égards : envoyez « COLIS » sur WhatsApp au 05 44 05 19 72 ou touchez 👉 https://wa.me/2250544051972?text=COLIS

#Wazap #PatisserieAbidjan #GateauAbidjan #TraiteurCIV #Yopougon #Cocody #Team225","🧁 Avez-vous déjà vu un gâteau arriver complètement renversé par un livreur pressé ? Racontez-nous !"
"POST_156","J52","2026-11-21","18:30","soir","Facebook Feed & Story | Instagram Feed & Story | WhatsApp Statut","Fatou (Pâtisserie & Traiteur Yopougon)","securite","marketing/programmation-60jours/visuels/feed/visuel_02_securite_fatou_feed_square.png","marketing/programmation-60jours/visuels/story/visuel_02_securite_fatou_story_vertical.png","🌙 18H30 : TOUS LES BUFFETS DU JOUR LIVRÉS IMPECCABLES & ENCAISSÉS AU DERNIER CENTIME !","🌙 18H30 : TOUS LES BUFFETS DU JOUR LIVRÉS IMPECCABLES & ENCAISSÉS AU DERNIER CENTIME !

Après une journée passée devant les fourneaux à pétrir et décorer, Fatou souffle enfin.
Tous ses gâteaux et plateaux traiteurs du jour sont arrivés intacts chez les clients.

Zéro palabre de fausse monnaie, zéro livreur injoignable dans la nuit : l'argent de chaque commande a été versé directement par QR Code Universel dès la porte franchie.

🍰 Pour des livraisons gourmandes 100% sereines : envoyez « COLIS » au 05 44 05 19 72 sur WhatsApp ou cliquez 👉 https://wa.me/2250544051972?text=COLIS

#Wazap #PatisserieAbidjan #GateauAbidjan #TraiteurCIV #Yopougon #Cocody #Team225","❤️ Quelle est la commande la plus délicate que vous ayez eu à livrer jusqu'à présent ?"
"POST_157","J53","2026-11-22","08:00","matin","Facebook Feed & Story | Instagram Feed & Story | WhatsApp Statut","Clarisse (Cosmétiques & Parfums Koumassi)","securite","marketing/programmation-60jours/visuels/feed/visuel_03_securite_clarisse_feed_square.png","marketing/programmation-60jours/visuels/story/visuel_03_securite_clarisse_story_vertical.png","🌧️ IL PLEUT À VERSE SUR ABIDJAN ET VOTRE COURSIER NE RÉPOND PLUS AU TÉLÉPHONE ?","🌧️ IL PLEUT À VERSE SUR ABIDJAN ET VOTRE COURSIER NE RÉPOND PLUS AU TÉLÉPHONE ?

À Abidjan, la moindre averse paralyse les livraisons. Vos clientes s'impatientent, vous passez 15 appels sans réponse, et vos crèmes ou parfums risquent d'arriver trempés.

Sur WAZAP, vous gardez le contrôle de bout en bout :
📍 Radar GPS temps réel : vous et votre cliente suivez la moto rue par rue sans avoir à appeler.
🛡️ Sacs de livraison étanches garantis.
💰 Le client scanne et règle en 1 tap à la porte d'entrée par Mobile Money.

📦 Expédiez vos colis beauté sans angoisse : envoyez « COLIS » au 05 44 05 19 72 ou cliquez 👉 https://wa.me/2250544051972?text=COLIS

#Wazap #CosmetiquesCIV #BeauteAbidjan #Koumassi #Marcory #LivraisonPluie #Team225","🌧️ Combien de commandes avez-vous déjà perdues à cause d'une journée de pluie à Abidjan ? Partagez vos réalités !"
"POST_158","J53","2026-11-22","12:30","midi","Facebook Feed & Story | Instagram Feed & Story | WhatsApp Statut","Clarisse (Cosmétiques & Parfums Koumassi)","securite","marketing/programmation-60jours/visuels/feed/visuel_03_securite_clarisse_feed_square.png","marketing/programmation-60jours/visuels/story/visuel_03_securite_clarisse_story_vertical.png","💄 COMMANDES BEAUTÉ EXPRESS ENTRE MIDI ET DEUX : VOS CLIENTES LIVRÉES À LA PAUSE DÉJEUNER !","💄 COMMANDES BEAUTÉ EXPRESS ENTRE MIDI ET DEUX : VOS CLIENTES LIVRÉES À LA PAUSE DÉJEUNER !

Vos clientes au travail profitent de la pause déjeuner pour recevoir leurs crèmes, sérums et parfums.
Pas question de les faire attendre 45 minutes sur le trottoir !

Sur WAZAP, la cliente suit la moto en temps réel sur la carte interactive.
À l'arrivée, scan instantané du QR Code WAZAP (Wave, OM, MTN) en 5 secondes chrono.
Elle retourne au bureau à l'heure, ravie et parfumée !

🌸 Vos produits méritent un service rapide et élégant : envoyez « COLIS » sur WhatsApp au 05 44 05 19 72 ou tapez 👉 https://wa.me/2250544051972?text=COLIS

#Wazap #CosmetiquesCIV #BeauteAbidjan #Koumassi #Marcory #LivraisonPluie #Team225","💄 Vos clientes commandent-elles plutôt des soins du visage ou des parfums pour les livraisons de midi ?"
"POST_159","J53","2026-11-22","18:30","soir","Facebook Feed & Story | Instagram Feed & Story | WhatsApp Statut","Clarisse (Cosmétiques & Parfums Koumassi)","securite","marketing/programmation-60jours/visuels/feed/visuel_03_securite_clarisse_feed_square.png","marketing/programmation-60jours/visuels/story/visuel_03_securite_clarisse_story_vertical.png","🌧️ MÊME SOUS L'ORAGE DU SOIR À ABIDJAN : VOS PARFUMS ARRIVENT AU SEC DANS DES SACS SCELLÉS !","🌧️ MÊME SOUS L'ORAGE DU SOIR À ABIDJAN : VOS PARFUMS ARRIVENT AU SEC DANS DES SACS SCELLÉS !

Quand la pluie torrentielle tombe sur le boulevard de Koumassi à 18h, la plupart des livreurs éteignent leur téléphone et s'abritent sous les ponts.

Les livreurs partenaires WAZAP sont équipés de sacs étanches Colis Sûr.
Le radar GPS continue d'émettre en direct. Vous savez exactement où se trouve votre colis, et votre cliente est rassurée.

📦 Expédiez par tous les temps : envoyez « COLIS » au 05 44 05 19 72 sur WhatsApp ou touchez 👉 https://wa.me/2250544051972?text=COLIS

#Wazap #CosmetiquesCIV #BeauteAbidjan #Koumassi #Marcory #LivraisonPluie #Team225","🌧️ Quels aménagements faites-vous pour protéger vos colis quand la météo s'emballe à Abidjan ?"
"POST_160","J54","2026-11-23","08:00","matin","Facebook Feed & Story | Instagram Feed & Story | WhatsApp Statut","Salimata (Styliste Mode & Ateliers Couture Angré)","rapidite","marketing/programmation-60jours/visuels/feed/visuel_04_rapidite_salimata_feed_square.png","marketing/programmation-60jours/visuels/story/visuel_04_rapidite_salimata_story_vertical.png","⚡ CLIENTE PRESSÉE POUR UNE SOIRÉE ? NE PERDEZ PLUS 45 MINUTES À CHERCHER UNE MOTO !","⚡ CLIENTE PRESSÉE POUR UNE SOIRÉE ? NE PERDEZ PLUS 45 MINUTES À CHERCHER UNE MOTO !

Votre robe sur-mesure est repassée, prête à partir, mais aucun livreur habituel n'est disponible ?

Sur WAZAP, plus besoin d'écrire dans 5 groupes WhatsApp :
En 3 clics, notre radar alerte les coursiers les plus proches de votre atelier.
En moins de 3 minutes chrono, un coursier certifié accepte et se met en route.

👗 Vos tenues voyagent suspendues et protégées.
💳 Règlement instantané par Mobile Money à l'essayage.

👉 Testez gratuitement dès aujourd'hui : envoyez « COLIS » sur WhatsApp au 05 44 05 19 72 ou tapez 👉 https://wa.me/2250544051972?text=COLIS (15 courses offertes !)

#Wazap #ModeAbidjan #StylisteCIV #Couture225 #Angre #Cocody #Team225","👗 Quel est le délai le plus court qu'un client vous ait déjà demandé pour une livraison urgente ?"
"POST_161","J54","2026-11-23","12:30","midi","Facebook Feed & Story | Instagram Feed & Story | WhatsApp Statut","Salimata (Styliste Mode & Ateliers Couture Angré)","rapidite","marketing/programmation-60jours/visuels/feed/visuel_04_rapidite_salimata_feed_square.png","marketing/programmation-60jours/visuels/story/visuel_04_rapidite_salimata_story_vertical.png","👗 RETOUCHE COUTURE LIVRÉE EN URGENCE AVANT LA SOIRÉE : WAZAP ARRIVE EN 3 MINUTES !","👗 RETOUCHE COUTURE LIVRÉE EN URGENCE AVANT LA SOIRÉE : WAZAP ARRIVE EN 3 MINUTES !

La robe de soirée de votre cliente a reçu sa dernière touche d'aiguille à 12h15.
La cliente en a besoin d'urgence pour son gala ce soir.

Pourquoi passer 15 appels sans réponse ?
Sur WAZAP, 1 tap sur WhatsApp déclenche le radar des 5 livreurs les plus proches d'Angré.
En 3 minutes chrono, la course est prise. La robe voyage sous housse protectrice.

⚡ Pour vos livraisons d'ateliers et de mode : envoyez « COLIS » au 05 44 05 19 72 ou cliquez 👉 https://wa.me/2250544051972?text=COLIS

#Wazap #ModeAbidjan #StylisteCIV #Couture225 #Angre #Cocody #Team225","🧵 Combien de temps mettez-vous en moyenne pour trouver un livreur de confiance pour vos tenues de valeur ?"
"POST_162","J54","2026-11-23","18:30","soir","Facebook Feed & Story | Instagram Feed & Story | WhatsApp Statut","Salimata (Styliste Mode & Ateliers Couture Angré)","rapidite","marketing/programmation-60jours/visuels/feed/visuel_04_rapidite_salimata_feed_square.png","marketing/programmation-60jours/visuels/story/visuel_04_rapidite_salimata_story_vertical.png","🌙 18H30 : LES CRÉATIONS DE SALIMATA BRILLENT SUR LES ÉVÉNEMENTS, ZÉRO STRESS LIVRAISON !","🌙 18H30 : LES CRÉATIONS DE SALIMATA BRILLENT SUR LES ÉVÉNEMENTS, ZÉRO STRESS LIVRAISON !

Pendant que ses clientes défilent et reçoivent des compliments dans leurs robes sur-mesure, Salimata a déjà la confirmation de toutes ses livraisons du jour.

Chaque cliente a scanné le QR Code Universel WAZAP à l'essayage.
Salimata a encaissé sa recette au franc près, sans commission exorbitante prélevée sur sa créativité.

💎 Faites décoller votre atelier de stylisme : envoyez « COLIS » sur WhatsApp au 05 44 05 19 72 ou tapez 👉 https://wa.me/2250544051972?text=COLIS

#Wazap #ModeAbidjan #StylisteCIV #Couture225 #Angre #Cocody #Team225","✨ Quelle a été votre plus belle satisfaction client cette semaine ? Racontez-nous !"
"POST_163","J55","2026-11-24","08:00","matin","Facebook Feed & Story | Instagram Feed & Story | WhatsApp Statut","Chef Momo (Restaurants, Maquis & Grillades Treichville)","rapidite","marketing/programmation-60jours/visuels/feed/visuel_05_rapidite_momo_feed_square.png","marketing/programmation-60jours/visuels/story/visuel_05_rapidite_momo_story_vertical.png","🔥 RUSH DE MIDI À ABIDJAN : VOS GRILLADES LIVRÉES FUMANTES SANS FAIRE ATTENDRE VOS CLIENTS !","🔥 RUSH DE MIDI À ABIDJAN : VOS GRILLADES LIVRÉES FUMANTES SANS FAIRE ATTENDRE VOS CLIENTS !

À l'heure de la pause déjeuner, 10 minutes de retard suffisent pour perdre un client fidèle.

Avec le réseau WAZAP :
🍲 Les livreurs de votre quartier sont pré-positionnés autour de vos fourneaux.
⏱️ Course assignée en un éclair, repas transporté dans des caissons isolés, livré en 20 minutes.
💵 Fini le casse-tête de la monnaie : le client scanne le QR code Wave / Orange / MTN au centime près !

🍗 Doublez vos livraisons de midi dès maintenant : envoyez « COLIS » sur WhatsApp au 05 44 05 19 72 ou touchez 👉 https://wa.me/2250544051972?text=COLIS

#Wazap #RestoAbidjan #Choukouya #FastFoodCIV #Treichville #Plateau #Team225","🍲 Vos clients préfèrent-ils être livrés au bureau à midi ou à la maison le soir ? Donnez votre avis ci-dessous !"
"POST_164","J55","2026-11-24","12:30","midi","Facebook Feed & Story | Instagram Feed & Story | WhatsApp Statut","Chef Momo (Restaurants, Maquis & Grillades Treichville)","rapidite","marketing/programmation-60jours/visuels/feed/visuel_05_rapidite_momo_feed_square.png","marketing/programmation-60jours/visuels/story/visuel_05_rapidite_momo_story_vertical.png","🔥 12H30 : LE FEU CRÉPITE À TREICHVILLE, LES PLATS PARTENT EN 20 MIN FUMANTS ET SAVOUREUX !","🔥 12H30 : LE FEU CRÉPITE À TREICHVILLE, LES PLATS PARTENT EN 20 MIN FUMANTS ET SAVOUREUX !

Choukouya de bœuf, poulet braisé, aloco doré... À midi, les estomacs n'attendent pas !
Un retard de 15 minutes, et c'est un client en colère qui annule sa commande.

Sur WAZAP, nos livreurs de proximité sont pré-positionnés autour de vos fourneaux.
Le repas est emballé dans des caissons isolés et livré en moins de 20 minutes chrono.
Le client paie par QR code au centime près : zéro dispute de monnaie !

🍗 Multipliez vos commandes du déjeuner : envoyez « COLIS » au 05 44 05 19 72 sur WhatsApp ou cliquez 👉 https://wa.me/2250544051972?text=COLIS

#Wazap #RestoAbidjan #Choukouya #FastFoodCIV #Treichville #Plateau #Team225","🍗 Quel est le plat le plus commandé dans votre maquis ou fast-food le midi à Abidjan ?"
"POST_165","J55","2026-11-24","18:30","soir","Facebook Feed & Story | Instagram Feed & Story | WhatsApp Statut","Chef Momo (Restaurants, Maquis & Grillades Treichville)","rapidite","marketing/programmation-60jours/visuels/feed/visuel_05_rapidite_momo_feed_square.png","marketing/programmation-60jours/visuels/story/visuel_05_rapidite_momo_story_vertical.png","🌙 18H30 : LE RUSH DU DÎNER DÉMARRE ! LIVREZ VOS GRILLADES DU SOIR SANS FAUX PAS.","🌙 18H30 : LE RUSH DU DÎNER DÉMARRE ! LIVREZ VOS GRILLADES DU SOIR SANS FAUX PAS.

À la tombée de la nuit, les travailleurs rentrent et commandent leurs dîners.
Avec WAZAP, la flotte de coursiers reste mobilisée jusqu'à la dernière braise.

Chaque plat arrive chaud, la recette est versée immédiatement sur votre compte Mobile Money, et vous clôturez une journée rentable sans jamais manipuler de billets sales.

🔥 Boostez vos livraisons du soir : envoyez « COLIS » sur WhatsApp au 05 44 05 19 72 ou cliquez 👉 https://wa.me/2250544051972?text=COLIS

#Wazap #RestoAbidjan #Choukouya #FastFoodCIV #Treichville #Plateau #Team225","🍻 Jusqu'à quelle heure servez-vous des commandes à emporter le soir ?"
"POST_166","J56","2026-11-25","08:00","matin","Facebook Feed & Story | Instagram Feed & Story | WhatsApp Statut","Amara (Sneakers & Streetwear Marcory)","rapidite","marketing/programmation-60jours/visuels/feed/visuel_06_rapidite_amara_feed_square.png","marketing/programmation-60jours/visuels/story/visuel_06_rapidite_amara_story_vertical.png","💵 « CHEF, JE N'AI PAS LA MONNAIE SUR 10 000 F ! » : FINI CE REFRAIN QUI VOUS FAIT PERDRE DES VENTES !","💵 « CHEF, JE N'AI PAS LA MONNAIE SUR 10 000 F ! » : FINI CE REFRAIN QUI VOUS FAIT PERDRE DES VENTES !

Le livreur arrive à la porte. Le client sort un gros billet de 10 000 F. Le coursier n'a pas la monnaie, il part chercher au carrefour... et perd 30 minutes pendant que le client s'agace.

Sur WAZAP, cette galère est éradiquée :
Le client scanne le QR Code Universel WAZAP et règle le montant exact au franc près depuis son compte Wave, Orange Money ou MTN.

🚫 Zéro manipulation de billets douteux
⚡ Votre recette est virée à la seconde sur votre compte
🛵 Le livreur repart immédiatement pour sa prochaine course.

👟 Modernisez vos encaissements : envoyez « COLIS » sur WhatsApp au 05 44 05 19 72 ou touchez 👉 https://wa.me/2250544051972?text=COLIS

#Wazap #SneakersAbidjan #StreetwearCIV #Marcory #ZeroCash #MobileMoneyCIV #Team225","💵 Quelle est la plus grosse somme de monnaie que vous ayez déjà couru chercher pour un client ? Racontez-nous !"
"POST_167","J56","2026-11-25","12:30","midi","Facebook Feed & Story | Instagram Feed & Story | WhatsApp Statut","Amara (Sneakers & Streetwear Marcory)","rapidite","marketing/programmation-60jours/visuels/feed/visuel_06_rapidite_amara_feed_square.png","marketing/programmation-60jours/visuels/story/visuel_06_rapidite_amara_story_vertical.png","👟 SNEAKERS & STREETWEAR LIVRÉS À MIDI PILE : FINI LES ACHETEURS QUI N'ONT PAS LA MONNAIE !","👟 SNEAKERS & STREETWEAR LIVRÉS À MIDI PILE : FINI LES ACHETEURS QUI N'ONT PAS LA MONNAIE !

Le livreur sonne à Marcory. La paire de Jordan ou de sneakers tendance vaut 28 500 FCFA.
L'acheteur sort 3 billets de 10 000 FCFA. Qui a la monnaie de 1 500 F ? Personne !

Avec WAZAP, l'acheteur scanne le QR code Wave / Orange / MTN et paie exactement 28 500 FCFA en 1 seconde.
Pas de billets égarés, pas d'aller-retour au kiosque, Amara reçoit sa notification bancaire immédiatement.

🚀 Modernisez la livraison de votre shop : envoyez « COLIS » au 05 44 05 19 72 sur WhatsApp ou touchez 👉 https://wa.me/2250544051972?text=COLIS

#Wazap #SneakersAbidjan #StreetwearCIV #Marcory #ZeroCash #MobileMoneyCIV #Team225","👟 Combien de ventes avez-vous déjà failli annuler juste à cause d'un manque de monnaie ?"
"POST_168","J56","2026-11-25","18:30","soir","Facebook Feed & Story | Instagram Feed & Story | WhatsApp Statut","Amara (Sneakers & Streetwear Marcory)","rapidite","marketing/programmation-60jours/visuels/feed/visuel_06_rapidite_amara_feed_square.png","marketing/programmation-60jours/visuels/story/visuel_06_rapidite_amara_story_vertical.png","🌙 18H30 : TOUTES LES PAIRES DE LA JOURNÉE LIVRÉES, TRÉSORERIE 100% AU VERT !","🌙 18H30 : TOUTES LES PAIRES DE LA JOURNÉE LIVRÉES, TRÉSORERIE 100% AU VERT !

La journée de vente se termine pour le streetwear à Abidjan. Les clients ont reçu leurs colis, essayent leurs paires et postent leurs unboxings.

Sur WAZAP, Amara n'a pas un seul franc dans la nature.
Zéro commission cachée, zéro risque de faux billet encaissé à la sauvette.

👟 Rejoignez la nouvelle génération de commerçants : envoyez « COLIS » au 05 44 05 19 72 ou tapez 👉 https://wa.me/2250544051972?text=COLIS

#Wazap #SneakersAbidjan #StreetwearCIV #Marcory #ZeroCash #MobileMoneyCIV #Team225","🔥 Quel modèle de sneakers a été votre plus gros carton de vente ce mois-ci ?"
"POST_169","J57","2026-11-26","08:00","matin","Facebook Feed & Story | Instagram Feed & Story | WhatsApp Statut","Tantie Aïcha (Wax & Boutiques de Quartier Adjamé)","valeur","marketing/programmation-60jours/visuels/feed/visuel_07_valeur_aicha_feed_square.png","marketing/programmation-60jours/visuels/story/visuel_07_valeur_aicha_story_vertical.png","🎁 COMMERÇANTS D'ABIDJAN : ET SI VOS 15 PROCHAINES LIVRAISONS NE VOUS COÛTAIENT STRICTEMENT RIEN EN COMMISSION ?","🎁 COMMERÇANTS D'ABIDJAN : ET SI VOS 15 PROCHAINES LIVRAISONS NE VOUS COÛTAIENT STRICTEMENT RIEN EN COMMISSION ?

Pourquoi continuer à payer des commissions de 20% à 30% ou des abonnements mensuels ruineux pour expédier vos ventes ?

WAZAP offre à chaque boutique d'Abidjan le Pack Digital Boutique :
✅ 15 recherches de livreurs offertes à 0 F de commission WAZAP.
✅ Vous ne payez que le coursier à son tarif direct et équitable (1 000 F à 2 000 F net).
✅ Zéro application lourde à télécharger : tout se pilote directement dans WhatsApp !
Testez notre technologie en conditions réelles sans sortir un franc de votre poche.

🛍️ Activez vos 15 livraisons offertes en 30 secondes : envoyez « COLIS » sur WhatsApp au 05 44 05 19 72 ou cliquez 👉 https://wa.me/2250544051972?text=COLIS

#Wazap #CommerceAbidjan #BoutiqueCIV #Adjame #Cocody #Yopougon #PromoAbidjan #Team225","🎁 Combien de colis expédiez-vous en moyenne par semaine depuis votre boutique ? Répondez ci-dessous !"
"POST_170","J57","2026-11-26","12:30","midi","Facebook Feed & Story | Instagram Feed & Story | WhatsApp Statut","Tantie Aïcha (Wax & Boutiques de Quartier Adjamé)","valeur","marketing/programmation-60jours/visuels/feed/visuel_07_valeur_aicha_feed_square.png","marketing/programmation-60jours/visuels/story/visuel_07_valeur_aicha_story_vertical.png","🎁 COMMERÇANTS DU GRAND MARCHÉ D'ADJAMÉ : EXPÉDIEZ VOS COLIS DE MIDI À 0 F DE COMMISSION !","🎁 COMMERÇANTS DU GRAND MARCHÉ D'ADJAMÉ : EXPÉDIEZ VOS COLIS DE MIDI À 0 F DE COMMISSION !

Tantie Aïcha a préparé 6 complets de wax pour des clientes à Marcory et Yopougon.
Pourquoi donner 2 000 F de commission par colis aux applications intermédiaires ?

Sur WAZAP, le Pack Digital Boutique offre 15 courses sans aucune commission WAZAP.
Le livreur touche son tarif net juste (1 000 F à 2 000 F), et Tantie Aïcha conserve l'intégralité de sa marge commerciale !

🛍️ Réservez votre pack gratuit en 30 secondes : envoyez « COLIS » sur WhatsApp au 05 44 05 19 72 ou touchez 👉 https://wa.me/2250544051972?text=COLIS

#Wazap #CommerceAbidjan #BoutiqueCIV #Adjame #Cocody #Yopougon #PromoAbidjan #Team225","📢 Quel montant moyen dépensez-vous par mois en frais de livraison pour votre boutique ?"
"POST_171","J57","2026-11-26","18:30","soir","Facebook Feed & Story | Instagram Feed & Story | WhatsApp Statut","Tantie Aïcha (Wax & Boutiques de Quartier Adjamé)","valeur","marketing/programmation-60jours/visuels/feed/visuel_07_valeur_aicha_feed_square.png","marketing/programmation-60jours/visuels/story/visuel_07_valeur_aicha_story_vertical.png","🌙 18H30 : LES PORTES D'ADJAMÉ SE FERMENT, LA TRÉSORERIE DE TANTIE AÏCHA EST INTACTE !","🌙 18H30 : LES PORTES D'ADJAMÉ SE FERMENT, LA TRÉSORERIE DE TANTIE AÏCHA EST INTACTE !

Quand la cloche sonne la fermeture des grands marchés d'Abidjan, Tantie Aïcha rentre chez elle le cœur léger.
Ses 15 livraisons offertes WAZAP lui ont fait économiser des dizaines de milliers de francs de commissions abusives.

Chaque cliente a reçu son tissu intact, payé par QR Code Universel en 1 seconde.

💎 Profitez-en vous aussi dès demain : envoyez « COLIS » au 05 44 05 19 72 sur WhatsApp ou cliquez 👉 https://wa.me/2250544051972?text=COLIS

#Wazap #CommerceAbidjan #BoutiqueCIV #Adjame #Cocody #Yopougon #PromoAbidjan #Team225","✨ Que feriez-vous de 30 000 F de marge supplémentaire économisés chaque mois sur vos livraisons ?"
"POST_172","J58","2026-11-27","08:00","matin","Facebook Feed & Story | Instagram Feed & Story | WhatsApp Statut","Bakary (Livreur Leader Indépendant Marcory)","valeur","marketing/programmation-60jours/visuels/feed/visuel_08_valeur_bakary_feed_square.png","marketing/programmation-60jours/visuels/story/visuel_08_valeur_bakary_story_vertical.png","🛵 LIVREURS D'ABIDJAN : POURQUOI DONNER 25% DE VOTRE SUEUR AUX APPLICATIONS ÉTRANGÈRES ?","🛵 LIVREURS D'ABIDJAN : POURQUOI DONNER 25% DE VOTRE SUEUR AUX APPLICATIONS ÉTRANGÈRES ?

Tu allumes ta moto dès l'aube. Tu affrontes la chaleur, la pluie et les embouteillages d'Abidjan.
Pourquoi accepter qu'une plateforme te prélève des commissions abusives sur chaque course ?

Sur WAZAP, ta dignité est respectée :
💰 0% commission : 100% du prix de la course reste dans TA poche.
🛡️ Zéro cash marchandise à transporter : le client paie par QR code, zéro risque d'agression ou d'accusation de vol.
📱 Grand Défi Trimestriel : 50 smartphones Xiaomi Redmi 15C neufs offerts aux motards réguliers !
Tout fonctionne sur WhatsApp sans application qui décharge ta batterie.

🔥 Rejoins la flotte des livreurs respectés : envoie « DISPO » par WhatsApp au 05 44 05 19 72 ou touche 👉 https://wa.me/2250544051972?text=DISPO

#Wazap #LivreurAbidjan #CoursierCIV #DigniteMotard #ZeroCommission #Redmi15C #Team225","💪 Combien de courses fais-tu par jour en moyenne à moto à Abidjan ? Dis-le en commentaire !"
"POST_173","J58","2026-11-27","12:30","midi","Facebook Feed & Story | Instagram Feed & Story | WhatsApp Statut","Bakary (Livreur Leader Indépendant Marcory)","valeur","marketing/programmation-60jours/visuels/feed/visuel_08_valeur_bakary_feed_square.png","marketing/programmation-60jours/visuels/story/visuel_08_valeur_bakary_story_vertical.png","🛵 LIVREURS INDÉPENDANTS : 4 COURSES BOUCLÉES CE MIDI = 100% DE L'ARGENT DANS TA POCHE !","🛵 LIVREURS INDÉPENDANTS : 4 COURSES BOUCLÉES CE MIDI = 100% DE L'ARGENT DANS TA POCHE !

Bakary a roulé toute la matinée entre Marcory, Treichville et Koumassi.
Sur d'autres plateformes, l'application lui aurait déjà prélevé 2 500 F sur ses gains.

Sur WAZAP, 0 FCFA de commission ! Tout ce qu'il a gagné est pour lui et sa moto.
Et en plus, Bakary cumule des points pour le grand tirage trimestriel des 50 smartphones Xiaomi Redmi 15C neufs !

🔥 Rejoins Bakary et gagne dignement ta vie : envoie « DISPO » sur WhatsApp au 05 44 05 19 72 ou touche 👉 https://wa.me/2250544051972?text=DISPO

#Wazap #LivreurAbidjan #CoursierCIV #DigniteMotard #ZeroCommission #Redmi15C #Team225","💪 Combien de courses as-tu déjà bouclées aujourd'hui sur les routes d'Abidjan ?"
"POST_174","J58","2026-11-27","18:30","soir","Facebook Feed & Story | Instagram Feed & Story | WhatsApp Statut","Bakary (Livreur Leader Indépendant Marcory)","valeur","marketing/programmation-60jours/visuels/feed/visuel_08_valeur_bakary_feed_square.png","marketing/programmation-60jours/visuels/story/visuel_08_valeur_bakary_story_vertical.png","🌙 18H30 : FIN DE JOURNÉE POUR LE LIVREUR WAZAP — ZÉRO DETTE DE COMMISSION ENVERS QUICONQUE !","🌙 18H30 : FIN DE JOURNÉE POUR LE LIVREUR WAZAP — ZÉRO DETTE DE COMMISSION ENVERS QUICONQUE !

Tu rentres chez toi à Marcory après une journée intense sur le bitume.
Tu n'as aucune commission à reverser en fin de semaine, aucun compte qui risque d'être bloqué arbitrairement.

Tu es libre, indépendant et respecté. Tu tapes « INDISPO » sur WhatsApp et tu profites de ta soirée en famille.

🛵 Sois ton propre patron : envoie « DISPO » sur WhatsApp au 05 44 05 19 72 ou clique 👉 https://wa.me/2250544051972?text=DISPO

#Wazap #LivreurAbidjan #CoursierCIV #DigniteMotard #ZeroCommission #Redmi15C #Team225","🤝 Quel est pour toi le plus bel avantage d'être un livreur indépendant à Abidjan ?"
"POST_175","J59","2026-11-28","08:00","matin","Facebook Feed & Story | Instagram Feed & Story | WhatsApp Statut","Koffi (Livreur Certifié Riviera)","valeur","marketing/programmation-60jours/visuels/feed/visuel_09_valeur_koffi_feed_square.png","marketing/programmation-60jours/visuels/story/visuel_09_valeur_koffi_story_vertical.png","🛑 STOP AUX COURSES À 450 FCFA ! SUR WAZAP, C'EST 1 000 FCFA NET MINIMUM PAR COURSE.","🛑 STOP AUX COURSES À 450 FCFA ! SUR WAZAP, C'EST 1 000 FCFA NET MINIMUM PAR COURSE.

Fini de rouler à perte pour des clopinettes qui ne paient même pas le carburant et l'usure de tes pneus.

Sur WAZAP, la grille tarifaire est claire, juste et transparente :
✅ 1 000 FCFA net minimum garanti dans la même commune, même pour 400 mètres.
✅ 1 500 FCFA pour une commune voisine.
✅ 2 000 FCFA pour les longues distances et traversées de ponts.
✅ Paiement direct à la livraison, sans retenue de flotte arbitraire.
Sois ton propre patron en toute liberté !

🛵 Inscris-toi en 2 minutes : envoie « DISPO » sur WhatsApp au 05 44 05 19 72 ou clique 👉 https://wa.me/2250544051972?text=DISPO

#Wazap #LivreursAbidjan #TarifJuste #DigniteMotard #Riviera #Cocody #Team225","🤝 Quel est pour vous le tarif minimum décent pour une course de livraison à Abidjan ? Donnez votre avis !"
"POST_176","J59","2026-11-28","12:30","midi","Facebook Feed & Story | Instagram Feed & Story | WhatsApp Statut","Koffi (Livreur Certifié Riviera)","valeur","marketing/programmation-60jours/visuels/feed/visuel_09_valeur_koffi_feed_square.png","marketing/programmation-60jours/visuels/story/visuel_09_valeur_koffi_story_vertical.png","🎯 DIGNITÉ DU COURSIER : 1 000 FCFA MINIMUM NET GARANTI DÈS LE PREMIER MÈTRE !","🎯 DIGNITÉ DU COURSIER : 1 000 FCFA MINIMUM NET GARANTI DÈS LE PREMIER MÈTRE !

À midi, les propositions de courses tombent. Pas question pour Koffi d'accepter une course à 400 ou 500 FCFA qui ne paie même pas un litre d'essence !

Sur WAZAP, le plancher minimum est gravé dans le marbre :
1 000 FCFA net dans la même commune.
1 500 FCFA commune voisine.
2 000 FCFA longue distance / traversée de pont.
Le travail d'un motard a une vraie valeur et WAZAP le fait respecter !

🛵 Roule pour des tarifs qui te respectent : envoie « DISPO » sur WhatsApp au 05 44 05 19 72 ou tape 👉 https://wa.me/2250544051972?text=DISPO

#Wazap #LivreursAbidjan #TarifJuste #DigniteMotard #Riviera #Cocody #Team225","🎯 As-tu déjà refusé une course parce que le prix proposé était insultant ? Dis-nous !"
"POST_177","J59","2026-11-28","18:30","soir","Facebook Feed & Story | Instagram Feed & Story | WhatsApp Statut","Koffi (Livreur Certifié Riviera)","valeur","marketing/programmation-60jours/visuels/feed/visuel_09_valeur_koffi_feed_square.png","marketing/programmation-60jours/visuels/story/visuel_09_valeur_koffi_story_vertical.png","🌙 18H30 : LE BILAN DE KOFFI — DES COURSES JUSTES, UN RESPECT TOTAL ET DE LA FIERTÉ.","🌙 18H30 : LE BILAN DE KOFFI — DES COURSES JUSTES, UN RESPECT TOTAL ET DE LA FIERTÉ.

Koffi range sa moto à la Riviera. Il a fait ses courses pour des commerçants de son quartier qui le connaissent et l'apprécient.

Pas de manipulation d'espèces dangereuse sur lui pendant les trajets de nuit : les clients ont payé par QR Code Universel.
Koffi rentre en sécurité avec son salaire net intact.

🛵 Fais partie de la flotte respectée : envoie « DISPO » au 05 44 05 19 72 sur WhatsApp ou clique 👉 https://wa.me/2250544051972?text=DISPO

#Wazap #LivreursAbidjan #TarifJuste #DigniteMotard #Riviera #Cocody #Team225","✨ Quelle est ta commune de prédilection pour rouler tranquillement le soir à Abidjan ?"
"POST_178","J60","2026-11-29","08:00","matin","Facebook Feed & Story | Instagram Feed & Story | WhatsApp Statut","Le Match Comparatif (Ancienne Méthode vs Révolution WAZAP)","valeur","marketing/programmation-60jours/visuels/feed/visuel_10_duel_comparatif_feed_square.png","marketing/programmation-60jours/visuels/story/visuel_10_duel_comparatif_story_vertical.png","⚖️ LE COMPARATIF SANS FILTRE : COMMENT LIVREZ-VOUS VOS CLIENTS EN 2026 À ABIDJAN ?","⚖️ LE COMPARATIF SANS FILTRE : COMMENT LIVREZ-VOUS VOS CLIENTS EN 2026 À ABIDJAN ?

❌ L'ANCIENNE MÉTHODE :
- 45 minutes pour trouver un motard disponible.
- Livreur qui disparaît avec la marchandise ou la recette cash.
- Zéro recours ni assurance en cas de colis écrasé.
- 20% à 30% de commission perdus sur vos ventes.

🟢 LA RÉVOLUTION WAZAP :
- Un coursier assigné en moins de 3 minutes chrono.
- Zéro cash sur la marchandise : encaissement direct par QR Code Universel.
- Assurance Colis Sûr protégeant chaque envoi.
- 0% commission et 15 livraisons offertes pour tester !

👉 Le choix du bon sens : envoyez « COLIS » sur WhatsApp au 05 44 05 19 72 ou touchez 👉 https://wa.me/2250544051972?text=COLIS

#Wazap #LivraisonAbidjan #EcommerceCIV #VenteEnLigneCIV #Team225 #AbidjanInnovation #Cocody #Marcory","🎯 Prêt à moderniser vos livraisons pour les 60 prochains jours ? Tapez OUI en commentaire !"
"POST_179","J60","2026-11-29","12:30","midi","Facebook Feed & Story | Instagram Feed & Story | WhatsApp Statut","Le Match Comparatif (Ancienne Méthode vs Révolution WAZAP)","valeur","marketing/programmation-60jours/visuels/feed/visuel_10_duel_comparatif_feed_square.png","marketing/programmation-60jours/visuels/story/visuel_10_duel_comparatif_story_vertical.png","⚖️ MATCH DE MIDI : 45 MIN À CHERCHER UN MOTARD VS UN COURSIER EN 3 MIN AVEC WAZAP !","⚖️ MATCH DE MIDI : 45 MIN À CHERCHER UN MOTARD VS UN COURSIER EN 3 MIN AVEC WAZAP !

Il est 12h30. Deux boutiques voisines reçoivent une commande urgente.
Boutique A : envoie des messages dans 8 groupes WhatsApp, attend, relance, le client s'énerve.
Boutique B (WAZAP) : tape COLIS sur WhatsApp, un livreur certifié accepte en 2 min 40 s, la commande est déjà en route.

Le résultat ? Boutique B fidélise son client pendant que Boutique A perd sa vente.

👉 Passez dans le camp des gagnants : envoyez « COLIS » au 05 44 05 19 72 sur WhatsApp ou cliquez 👉 https://wa.me/2250544051972?text=COLIS

#Wazap #LivraisonAbidjan #EcommerceCIV #VenteEnLigneCIV #Team225 #AbidjanInnovation #Cocody #Marcory","⏱️ Dans quel camp préférez-vous être pour vos livraisons de ce midi ?"
"POST_180","J60","2026-11-29","18:30","soir","Facebook Feed & Story | Instagram Feed & Story | WhatsApp Statut","Le Match Comparatif (Ancienne Méthode vs Révolution WAZAP)","valeur","marketing/programmation-60jours/visuels/feed/visuel_10_duel_comparatif_feed_square.png","marketing/programmation-60jours/visuels/story/visuel_10_duel_comparatif_story_vertical.png","🌙 18H30 : LE MATCH EST PLIÉ — REGARDEZ LE BILAN DE VOTRE JOURNÉE DE COMMERCE !","🌙 18H30 : LE MATCH EST PLIÉ — REGARDEZ LE BILAN DE VOTRE JOURNÉE DE COMMERCE !

❌ ANCIENNE MÉTHODE :
- Vous avez passé 2 heures au téléphone à traquer des livreurs.
- Vous avez tremblé jusqu'au retour de vos recettes.
- Vous avez perdu 25% de marge en commissions.

🟢 MÉTHODE WAZAP :
- Livreur assigné en 3 minutes chrono.
- Zéro manipulation d'espèces sur la marchandise.
- 15 courses gratuites et 100% de vos marges conservées.

Le choix du bon sens est fait.

🎯 Adoptez la révolution WAZAP dès demain : envoyez « COLIS » sur WhatsApp au 05 44 05 19 72 ou tapez 👉 https://wa.me/2250544051972?text=COLIS

#Wazap #LivraisonAbidjan #EcommerceCIV #VenteEnLigneCIV #Team225 #AbidjanInnovation #Cocody #Marcory","🥊 Quel est le point qui vous soulage le plus dans la méthode WAZAP ? Dites-le nous en commentaire !"